Year,State,Value
2018,ALABAMA,"964,000"
2018,ARIZONA,"2,572,000"
2018,ARKANSAS,"2,618,000"
2018,CALIFORNIA,"28,294,000"
2018,COLORADO,"3,006,000"
2018,FLORIDA,"25,284,000"
2018,GEORGIA,"9,296,000"
2018,HAWAII,"3,204,000"
2018,IDAHO,"5,833,000"
2018,ILLINOIS,"2,260,000"
2018,INDIANA,"1,208,000"
2018,IOWA,"4,376,000"
2018,KANSAS,"1,095,000"
2018,KENTUCKY,"889,000"
2018,LOUISIANA,"7,097,000"
2018,MAINE,"1,029,000"
2018,MICHIGAN,"9,594,000"
2018,MINNESOTA,"13,647,000"
2018,MISSISSIPPI,"3,567,000"
2018,MISSOURI,"1,045,000"
2018,MONTANA,"28,262,000"
2018,NEBRASKA,"4,696,000"
2018,NEW JERSEY,"2,962,000"
2018,NEW YORK,"8,978,000"
2018,NORTH CAROLINA,"1,832,000"
2018,NORTH DAKOTA,"71,741,000"
2018,OHIO,"3,689,000"
2018,OREGON,"7,226,000"
2018,OTHER STATES,"8,599,000"
2018,PENNSYLVANIA,"3,118,000"
2018,SOUTH CAROLINA,"2,335,000"
2018,SOUTH DAKOTA,"23,730,000"
2018,TENNESSEE,"1,285,000"
2018,TEXAS,"15,228,000"
2018,UTAH,"2,228,000"
2018,VERMONT,"1,230,000"
2018,VIRGINIA,"1,093,000"
2018,WASHINGTON,"6,986,000"
2018,WEST VIRGINIA,"924,000"
2018,WISCONSIN,"6,334,000"
2018,WYOMING,"4,128,000"
2017,ALABAMA,"907,000"
2017,ARIZONA,"1,751,000"
2017,ARKANSAS,"3,885,000"
2017,CALIFORNIA,"29,668,000"
2017,COLORADO,"2,966,000"
2017,FLORIDA,"20,892,000"
2017,GEORGIA,"9,504,000"
2017,HAWAII,"3,808,000"
2017,IDAHO,"7,482,000"
2017,ILLINOIS,"2,576,000"
2017,INDIANA,"1,502,000"
2017,IOWA,"4,588,000"
2017,KANSAS,"2,229,000"
2017,KENTUCKY,"785,000"
2017,LOUISIANA,"6,722,000"
2017,MAINE,"1,980,000"
2017,MICHIGAN,"9,474,000"
2017,MINNESOTA,"15,077,000"
2017,MISSISSIPPI,"2,817,000"
2017,MISSOURI,"1,924,000"
2017,MONTANA,"23,386,000"
2017,NEBRASKA,"5,054,000"
2017,NEW JERSEY,"3,181,000"
2017,NEW YORK,"9,672,000"
2017,NORTH CAROLINA,"2,066,000"
2017,NORTH DAKOTA,"64,310,000"
2017,OHIO,"3,548,000"
2017,OREGON,"6,552,000"
2017,OTHER STATES,"6,725,000"
2017,PENNSYLVANIA,"2,583,000"
2017,SOUTH CAROLINA,"1,469,000"
2017,SOUTH DAKOTA,"30,087,000"
2017,TENNESSEE,"1,312,000"
2017,TEXAS,"17,186,000"
2017,UTAH,"1,741,000"
2017,VERMONT,"1,520,000"
2017,VIRGINIA,"1,212,000"
2017,WASHINGTON,"8,455,000"
2017,WEST VIRGINIA,"943,000"
2017,WISCONSIN,"8,370,000"
2017,WYOMING,"3,328,000"
2016,ALABAMA,"1,256,000"
2016,ARIZONA,"2,447,000"
2016,ARKANSAS,"3,064,000"
2016,CALIFORNIA,"22,766,000"
2016,COLORADO,"2,867,000"
2016,FLORIDA,"26,123,000"
2016,GEORGIA,"10,071,000"
2016,HAWAII,"4,699,000"
2016,IDAHO,"6,002,000"
2016,ILLINOIS,"2,602,000"
2016,INDIANA,"1,716,000"
2016,IOWA,"3,694,000"
2016,KANSAS,"1,021,000"
2016,KENTUCKY,"925,000"
2016,LOUISIANA,"8,342,000"
2016,MAINE,"1,379,000"
2016,MICHIGAN,"12,656,000"
2016,MINNESOTA,"12,364,000"
2016,MISSISSIPPI,"2,794,000"
2016,MISSOURI,"1,146,000"
2016,MONTANA,"21,670,000"
2016,NEBRASKA,"4,217,000"
2016,NEW JERSEY,"2,297,000"
2016,NEW YORK,"11,637,000"
2016,NORTH CAROLINA,"2,122,000"
2016,NORTH DAKOTA,"69,986,000"
2016,OHIO,"4,657,000"
2016,OREGON,"4,947,000"
2016,OTHER STATES,"6,788,000"
2016,PENNSYLVANIA,"2,879,000"
2016,SOUTH CAROLINA,"3,290,000"
2016,SOUTH DAKOTA,"34,989,000"
2016,TENNESSEE,"1,610,000"
2016,TEXAS,"19,365,000"
2016,UTAH,"1,915,000"
2016,VERMONT,"1,136,000"
2016,VIRGINIA,"1,112,000"
2016,WASHINGTON,"5,851,000"
2016,WEST VIRGINIA,"627,000"
2016,WISCONSIN,"8,939,000"
2016,WYOMING,"4,842,000"
2015,ALABAMA,"1,260,000"
2015,ARIZONA,"2,586,000"
2015,ARKANSAS,"3,560,000"
2015,CALIFORNIA,"16,748,000"
2015,COLORADO,"3,343,000"
2015,FLORIDA,"23,404,000"
2015,GEORGIA,"6,707,000"
2015,HAWAII,"3,117,000"
2015,IDAHO,"5,497,000"
2015,ILLINOIS,"1,901,000"
2015,INDIANA,"1,027,000"
2015,IOWA,"3,960,000"
2015,KANSAS,"1,008,000"
2015,KENTUCKY,"929,000"
2015,LOUISIANA,"8,494,000"
2015,MAINE,"2,552,000"
2015,MICHIGAN,"12,737,000"
2015,MINNESOTA,"15,265,000"
2015,MISSISSIPPI,"2,988,000"
2015,MISSOURI,"1,846,000"
2015,MONTANA,"23,509,000"
2015,NEBRASKA,"5,581,000"
2015,NEW JERSEY,"1,361,000"
2015,NEW YORK,"10,572,000"
2015,NORTH CAROLINA,"2,435,000"
2015,NORTH DAKOTA,"65,268,000"
2015,OHIO,"3,060,000"
2015,OREGON,"6,556,000"
2015,OTHER STATES,"6,120,000"
2015,PENNSYLVANIA,"3,262,000"
2015,SOUTH CAROLINA,"3,846,000"
2015,SOUTH DAKOTA,"34,261,000"
2015,TENNESSEE,"1,669,000"
2015,TEXAS,"17,464,000"
2015,UTAH,"2,177,000"
2015,VERMONT,"1,100,000"
2015,VIRGINIA,"1,023,000"
2015,WASHINGTON,"5,782,000"
2015,WEST VIRGINIA,"777,000"
2015,WISCONSIN,"8,466,000"
2015,WYOMING,"5,559,000"
2014,ALABAMA,"1,310,000"
2014,ARIZONA,"1,947,000"
2014,ARKANSAS,"2,785,000"
2014,CALIFORNIA,"25,709,000"
2014,COLORADO,"2,108,000"
2014,FLORIDA,"30,576,000"
2014,GEORGIA,"9,912,000"
2014,HAWAII,"3,195,000"
2014,IDAHO,"6,902,000"
2014,ILLINOIS,"1,611,000"
2014,INDIANA,"989,000"
2014,IOWA,"3,627,000"
2014,KANSAS,"1,250,000"
2014,KENTUCKY,"931,000"
2014,LOUISIANA,"8,790,000"
2014,MAINE,"1,876,000"
2014,MICHIGAN,"14,275,000"
2014,MINNESOTA,"16,315,000"
2014,MISSISSIPPI,"4,502,000"
2014,MISSOURI,"2,047,000"
2014,MONTANA,"29,795,000"
2014,NEBRASKA,"7,650,000"
2014,NEW JERSEY,"1,127,000"
2014,NEW YORK,"9,339,000"
2014,NORTH CAROLINA,"1,801,000"
2014,NORTH DAKOTA,"83,859,000"
2014,OHIO,"3,276,000"
2014,OREGON,"6,248,000"
2014,OTHER STATES,"5,153,000"
2014,PENNSYLVANIA,"2,276,000"
2014,SOUTH CAROLINA,"1,929,000"
2014,SOUTH DAKOTA,"50,669,000"
2014,TENNESSEE,"1,658,000"
2014,TEXAS,"20,268,000"
2014,UTAH,"1,730,000"
2014,VERMONT,"1,134,000"
2014,VIRGINIA,"1,067,000"
2014,WASHINGTON,"7,809,000"
2014,WEST VIRGINIA,"757,000"
2014,WISCONSIN,"6,812,000"
2014,WYOMING,"4,821,000"
2013,ALABAMA,"1,037,000"
2013,ARIZONA,"2,046,000"
2013,ARKANSAS,"2,666,000"
2013,CALIFORNIA,"22,978,000"
2013,COLORADO,"2,348,000"
2013,FLORIDA,"27,243,000"
2013,GEORGIA,"7,571,000"
2013,HAWAII,"2,126,000"
2013,IDAHO,"5,365,000"
2013,ILLINOIS,"1,408,000"
2013,INDIANA,"781,000"
2013,IOWA,"4,586,000"
2013,KANSAS,"690,000"
2013,KENTUCKY,"400,000"
2013,LOUISIANA,"9,261,000"
2013,MAINE,"945,000"
2013,MICHIGAN,"10,098,000"
2013,MINNESOTA,"15,005,000"
2013,MISSISSIPPI,"3,668,000"
2013,MISSOURI,"1,231,000"
2013,MONTANA,"31,237,000"
2013,NEBRASKA,"5,713,000"
2013,NEW JERSEY,"2,028,000"
2013,NEW YORK,"5,597,000"
2013,NORTH CAROLINA,"1,395,000"
2013,NORTH DAKOTA,"67,565,000"
2013,OHIO,"2,517,000"
2013,OREGON,"5,186,000"
2013,OTHER STATES,"4,960,000"
2013,PENNSYLVANIA,"1,773,000"
2013,SOUTH DAKOTA,"30,719,000"
2013,TENNESSEE,"1,118,000"
2013,TEXAS,"13,133,000"
2013,UTAH,"2,132,000"
2013,VERMONT,"794,000"
2013,VIRGINIA,"788,000"
2013,WASHINGTON,"6,189,000"
2013,WEST VIRGINIA,"1,010,000"
2013,WISCONSIN,"8,425,000"
2013,WYOMING,"6,545,000"
2012,ALABAMA,"1,067,000"
2012,ARIZONA,"1,811,000"
2012,ARKANSAS,"3,119,000"
2012,CALIFORNIA,"22,407,000"
2012,COLORADO,"2,484,000"
2012,FLORIDA,"22,728,000"
2012,GEORGIA,"5,777,000"
2012,HAWAII,"3,113,000"
2012,IDAHO,"4,799,000"
2012,ILLINOIS,"1,516,000"
2012,INDIANA,"1,199,000"
2012,IOWA,"4,898,000"
2012,KANSAS,"752,000"
2012,KENTUCKY,"803,000"
2012,LOUISIANA,"6,453,000"
2012,MAINE,"325,000"
2012,MICHIGAN,"8,447,000"
2012,MINNESOTA,"16,080,000"
2012,MISSISSIPPI,"3,759,000"
2012,MISSOURI,"1,039,000"
2012,MONTANA,"14,703,000"
2012,NEBRASKA,"5,394,000"
2012,NEW JERSEY,"910,000"
2012,NEW MEXICO,"881,000"
2012,NEW YORK,"5,800,000"
2012,NORTH CAROLINA,"1,906,000"
2012,NORTH DAKOTA,"63,590,000"
2012,OHIO,"2,657,000"
2012,OREGON,"4,147,000"
2012,OTHER STATES,"4,320,000"
2012,PENNSYLVANIA,"2,467,000"
2012,SOUTH DAKOTA,"31,941,000"
2012,TENNESSEE,"1,072,000"
2012,TEXAS,"9,568,000"
2012,UTAH,"1,777,000"
2012,VERMONT,"574,000"
2012,VIRGINIA,"618,000"
2012,WASHINGTON,"6,050,000"
2012,WEST VIRGINIA,"838,000"
2012,WISCONSIN,"8,487,000"
2012,WYOMING,"4,769,000"
2011,ALABAMA,"1,130,000"
2011,ARIZONA,"1,889,000"
2011,ARKANSAS,"2,281,000"
2011,CALIFORNIA,"29,304,000"
2011,COLORADO,"3,410,000"
2011,FLORIDA,"18,446,000"
2011,GEORGIA,"4,612,000"
2011,HAWAII,"2,431,000"
2011,IDAHO,"5,575,000"
2011,ILLINOIS,"1,365,000"
2011,INDIANA,"873,000"
2011,IOWA,"3,038,000"
2011,KANSAS,"662,000"
2011,KENTUCKY,"495,000"
2011,LOUISIANA,"4,629,000"
2011,MAINE,"238,000"
2011,MICHIGAN,"8,572,000"
2011,MINNESOTA,"10,367,000"
2011,MISSISSIPPI,"3,167,000"
2011,MISSOURI,"736,000"
2011,MONTANA,"22,678,000"
2011,NEBRASKA,"4,233,000"
2011,NEW JERSEY,"1,669,000"
2011,NEW MEXICO,"662,000"
2011,NEW YORK,"5,378,000"
2011,NORTH CAROLINA,"2,456,000"
2011,NORTH DAKOTA,"54,542,000"
2011,OHIO,"2,317,000"
2011,OREGON,"3,427,000"
2011,OTHER STATES,"3,456,000"
2011,PENNSYLVANIA,"2,693,000"
2011,SOUTH DAKOTA,"28,050,000"
2011,TENNESSEE,"902,000"
2011,TEXAS,"8,053,000"
2011,UTAH,"1,570,000"
2011,VERMONT,"397,000"
2011,VIRGINIA,"651,000"
2011,WASHINGTON,"5,207,000"
2011,WEST VIRGINIA,"545,000"
2011,WISCONSIN,"6,787,000"
2011,WYOMING,"3,251,000"
2010,ALABAMA,"1,166,000"
2010,ARIZONA,"2,809,000"
2010,ARKANSAS,"2,205,000"
2010,CALIFORNIA,"42,579,000"
2010,COLORADO,"2,894,000"
2010,FLORIDA,"21,528,000"
2010,GEORGIA,"4,225,000"
2010,HAWAII,"2,118,000"
2010,IDAHO,"4,217,000"
2010,ILLINOIS,"1,026,000"
2010,INDIANA,"959,000"
2010,IOWA,"2,540,000"
2010,KANSAS,"945,000"
2010,KENTUCKY,"911,000"
2010,LOUISIANA,"4,320,000"
2010,MAINE,"420,000"
2010,MICHIGAN,"6,877,000"
2010,MINNESOTA,"13,094,000"
2010,MISSISSIPPI,"2,258,000"
2010,MISSOURI,"1,030,000"
2010,MONTANA,"18,356,000"
2010,NEBRASKA,"3,405,000"
2010,NEW JERSEY,"865,000"
2010,NEW MEXICO,"730,000"
2010,NEW YORK,"5,645,000"
2010,NORTH CAROLINA,"1,591,000"
2010,NORTH DAKOTA,"69,615,000"
2010,OHIO,"2,544,000"
2010,OREGON,"3,751,000"
2010,OTHER STATES,"3,282,000"
2010,PENNSYLVANIA,"2,364,000"
2010,SOUTH DAKOTA,"23,209,000"
2010,TENNESSEE,"1,260,000"
2010,TEXAS,"10,872,000"
2010,UTAH,"1,193,000"
2010,VERMONT,"806,000"
2010,VIRGINIA,"614,000"
2010,WASHINGTON,"4,124,000"
2010,WEST VIRGINIA,"478,000"
2010,WISCONSIN,"6,881,000"
2010,WYOMING,"1,946,000"
2009,ALABAMA,"837,000"
2009,ARIZONA,"1,508,000"
2009,ARKANSAS,"1,943,000"
2009,CALIFORNIA,"16,284,000"
2009,COLORADO,"2,122,000"
2009,FLORIDA,"16,415,000"
2009,GEORGIA,"3,918,000"
2009,HAWAII,"1,672,000"
2009,IDAHO,"7,202,000"
2009,ILLINOIS,"694,000"
2009,INDIANA,"582,000"
2009,IOWA,"1,747,000"
2009,KANSAS,"1,049,000"
2009,KENTUCKY,"474,000"
2009,LOUISIANA,"5,183,000"
2009,MAINE,"585,000"
2009,MICHIGAN,"6,138,000"
2009,MINNESOTA,"11,419,000"
2009,MISSISSIPPI,"1,922,000"
2009,MISSOURI,"1,029,000"
2009,MONTANA,"14,921,000"
2009,NEBRASKA,"3,924,000"
2009,NEW JERSEY,"831,000"
2009,NEW MEXICO,"668,000"
2009,NEW YORK,"5,645,000"
2009,NORTH CAROLINA,"1,272,000"
2009,NORTH DAKOTA,"47,817,000"
2009,OHIO,"1,546,000"
2009,OREGON,"2,880,000"
2009,OTHER STATES,"3,195,000"
2009,PENNSYLVANIA,"1,705,000"
2009,SOUTH DAKOTA,"25,304,000"
2009,TENNESSEE,"846,000"
2009,TEXAS,"7,794,000"
2009,UTAH,"1,442,000"
2009,VERMONT,"492,000"
2009,VIRGINIA,"807,000"
2009,WASHINGTON,"4,310,000"
2009,WEST VIRGINIA,"481,000"
2009,WISCONSIN,"5,972,000"
2009,WYOMING,"2,540,000"
2008,ALABAMA,"1,129,000"
2008,ARIZONA,"2,016,000"
2008,ARKANSAS,"2,835,000"
2008,CALIFORNIA,"25,520,000"
2008,COLORADO,"1,835,000"
2008,FLORIDA,"15,642,000"
2008,GEORGIA,"7,015,000"
2008,HAWAII,"1,431,000"
2008,IDAHO,"5,256,000"
2008,ILLINOIS,"1,160,000"
2008,INDIANA,"788,000"
2008,IOWA,"2,351,000"
2008,KANSAS,"946,000"
2008,KENTUCKY,"381,000"
2008,LOUISIANA,"4,189,000"
2008,MAINE,"462,000"
2008,MICHIGAN,"7,464,000"
2008,MINNESOTA,"13,227,000"
2008,MISSISSIPPI,"1,784,000"
2008,MISSOURI,"979,000"
2008,MONTANA,"12,851,000"
2008,NEBRASKA,"3,497,000"
2008,NEVADA,"412,000"
2008,NEW JERSEY,"583,000"
2008,NEW MEXICO,"426,000"
2008,NEW YORK,"5,775,000"
2008,NORTH CAROLINA,"1,360,000"
2008,NORTH DAKOTA,"48,960,000"
2008,OHIO,"1,247,000"
2008,OREGON,"3,032,000"
2008,OTHER STATES,"1,912,000"
2008,PENNSYLVANIA,"1,822,000"
2008,SOUTH DAKOTA,"28,643,000"
2008,TENNESSEE,"892,000"
2008,TEXAS,"6,604,000"
2008,UTAH,"2,110,000"
2008,VERMONT,"726,000"
2008,VIRGINIA,"610,000"
2008,WASHINGTON,"3,256,000"
2008,WEST VIRGINIA,"557,000"
2008,WISCONSIN,"6,960,000"
2008,WYOMING,"3,259,000"
2007,ALABAMA,"918,000"
2007,ARIZONA,"2,419,000"
2007,ARKANSAS,"2,128,000"
2007,CALIFORNIA,"14,144,000"
2007,COLORADO,"1,818,000"
2007,FLORIDA,"11,246,000"
2007,GEORGIA,"4,141,000"
2007,HAWAII,"1,564,000"
2007,IDAHO,"4,338,000"
2007,ILLINOIS,"1,412,000"
2007,INDIANA,"636,000"
2007,IOWA,"2,759,000"
2007,KANSAS,"661,000"
2007,KENTUCKY,"517,000"
2007,LOUISIANA,"2,787,000"
2007,MAINE,"309,000"
2007,MICHIGAN,"5,484,000"
2007,MINNESOTA,"9,194,000"
2007,MISSISSIPPI,"1,256,000"
2007,MISSOURI,"721,000"
2007,MONTANA,"9,088,000"
2007,NEBRASKA,"2,271,000"
2007,NEVADA,"837,000"
2007,NEW JERSEY,"1,005,000"
2007,NEW MEXICO,"503,000"
2007,NEW YORK,"4,169,000"
2007,NORTH CAROLINA,"1,345,000"
2007,NORTH DAKOTA,"29,837,000"
2007,OHIO,"1,512,000"
2007,OREGON,"2,591,000"
2007,OTHER STATES,"1,915,000"
2007,PENNSYLVANIA,"1,785,000"
2007,SOUTH DAKOTA,"13,525,000"
2007,TENNESSEE,"905,000"
2007,TEXAS,"8,266,000"
2007,UTAH,"1,329,000"
2007,VERMONT,"544,000"
2007,VIRGINIA,"671,000"
2007,WASHINGTON,"2,530,000"
2007,WEST VIRGINIA,"602,000"
2007,WISCONSIN,"6,149,000"
2007,WYOMING,"3,440,000"
2006,ALABAMA,"958,000"
2006,ARIZONA,"1,775,000"
2006,ARKANSAS,"2,164,000"
2006,CALIFORNIA,"19,167,000"
2006,COLORADO,"2,808,000"
2006,FLORIDA,"13,770,000"
2006,GEORGIA,"5,594,000"
2006,HAWAII,"1,125,000"
2006,IDAHO,"4,055,000"
2006,ILLINOIS,"1,412,000"
2006,INDIANA,"597,000"
2006,IOWA,"2,992,000"
2006,KANSAS,"901,000"
2006,KENTUCKY,"613,000"
2006,LOUISIANA,"2,430,000"
2006,MAINE,"405,000"
2006,MICHIGAN,"4,554,000"
2006,MINNESOTA,"9,400,000"
2006,MISSISSIPPI,"1,276,000"
2006,MISSOURI,"676,000"
2006,MONTANA,"9,907,000"
2006,NEBRASKA,"3,191,000"
2006,NEVADA,"1,205,000"
2006,NEW JERSEY,"369,000"
2006,NEW MEXICO,"400,000"
2006,NEW YORK,"4,826,000"
2006,NORTH CAROLINA,"785,000"
2006,NORTH DAKOTA,"23,569,000"
2006,OHIO,"1,098,000"
2006,OREGON,"2,318,000"
2006,OTHER STATES,"1,599,000"
2006,PENNSYLVANIA,"1,826,000"
2006,SOUTH DAKOTA,"9,941,000"
2006,TENNESSEE,"708,000"
2006,TEXAS,"5,109,000"
2006,UTAH,"1,274,000"
2006,VERMONT,"403,000"
2006,VIRGINIA,"739,000"
2006,WASHINGTON,"3,160,000"
2006,WEST VIRGINIA,"509,000"
2006,WISCONSIN,"6,666,000"
2006,WYOMING,"3,249,000"
2005,ALABAMA,"875,000"
2005,ARIZONA,"1,872,000"
2005,ARKANSAS,"2,409,000"
2005,CALIFORNIA,"25,800,000"
2005,COLORADO,"1,901,000"
2005,FLORIDA,"11,971,000"
2005,GEORGIA,"2,573,000"
2005,HAWAII,"1,686,000"
2005,IDAHO,"2,812,000"
2005,ILLINOIS,"1,251,000"
2005,INDIANA,"604,000"
2005,IOWA,"2,981,000"
2005,KANSAS,"840,000"
2005,KENTUCKY,"520,000"
2005,LOUISIANA,"2,444,000"
2005,MAINE,"345,000"
2005,MICHIGAN,"4,155,000"
2005,MINNESOTA,"7,992,000"
2005,MISSISSIPPI,"858,000"
2005,MISSOURI,"915,000"
2005,MONTANA,"7,491,000"
2005,NEBRASKA,"2,366,000"
2005,NEVADA,"1,717,000"
2005,NEW JERSEY,"461,000"
2005,NEW MEXICO,"353,000"
2005,NEW YORK,"5,771,000"
2005,NORTH CAROLINA,"1,015,000"
2005,NORTH DAKOTA,"27,946,000"
2005,OHIO,"1,449,000"
2005,OREGON,"1,769,000"
2005,OTHER STATES,"1,554,000"
2005,PENNSYLVANIA,"1,756,000"
2005,SOUTH DAKOTA,"14,425,000"
2005,TENNESSEE,"643,000"
2005,TEXAS,"5,129,000"
2005,UTAH,"1,026,000"
2005,VERMONT,"612,000"
2005,VIRGINIA,"651,000"
2005,WASHINGTON,"2,833,000"
2005,WEST VIRGINIA,"526,000"
2005,WISCONSIN,"6,056,000"
2005,WYOMING,"1,994,000"
2004,ALABAMA,"1,472,000"
2004,ARIZONA,"1,954,000"
2004,ARKANSAS,"1,984,000"
2004,CALIFORNIA,"18,428,000"
2004,COLORADO,"2,484,000"
2004,FLORIDA,"20,492,000"
2004,GEORGIA,"3,704,000"
2004,HAWAII,"1,221,000"
2004,IDAHO,"6,426,000"
2004,ILLINOIS,"716,000"
2004,INDIANA,"607,000"
2004,IOWA,"2,486,000"
2004,KANSAS,"1,322,000"
2004,KENTUCKY,"549,000"
2004,LOUISIANA,"2,710,000"
2004,MAINE,"278,000"
2004,MICHIGAN,"5,052,000"
2004,MINNESOTA,"10,935,000"
2004,MISSISSIPPI,"924,000"
2004,MISSOURI,"892,000"
2004,MONTANA,"11,642,000"
2004,NEBRASKA,"4,584,000"
2004,NEVADA,"1,371,000"
2004,NEW JERSEY,"454,000"
2004,NEW MEXICO,"419,000"
2004,NEW YORK,"5,832,000"
2004,NORTH CAROLINA,"695,000"
2004,NORTH DAKOTA,"31,941,000"
2004,OHIO,"1,420,000"
2004,OREGON,"2,744,000"
2004,OTHER STATES,"1,851,000"
2004,PENNSYLVANIA,"2,300,000"
2004,SOUTH DAKOTA,"22,801,000"
2004,TENNESSEE,"561,000"
2004,TEXAS,"8,552,000"
2004,UTAH,"1,848,000"
2004,VERMONT,"616,000"
2004,VIRGINIA,"559,000"
2004,WASHINGTON,"3,457,000"
2004,WEST VIRGINIA,"698,000"
2004,WISCONSIN,"6,959,000"
2004,WYOMING,"3,218,000"
2003,ALABAMA,"1,322,000"
2003,ARIZONA,"3,377,000"
2003,ARKANSAS,"3,780,000"
2003,CALIFORNIA,"44,702,000"
2003,COLORADO,"2,890,000"
2003,FLORIDA,"19,681,000"
2003,GEORGIA,"4,326,000"
2003,HAWAII,"1,157,000"
2003,IDAHO,"6,118,000"
2003,ILLINOIS,"769,000"
2003,INDIANA,"465,000"
2003,IOWA,"2,681,000"
2003,KANSAS,"1,286,000"
2003,KENTUCKY,"401,000"
2003,LOUISIANA,"3,794,000"
2003,MAINE,"372,000"
2003,MARYLAND,"162,000"
2003,MICHIGAN,"6,782,000"
2003,MINNESOTA,"14,342,000"
2003,MISSISSIPPI,"1,869,000"
2003,MISSOURI,"1,270,000"
2003,MONTANA,"13,781,000"
2003,NEBRASKA,"4,595,000"
2003,NEVADA,"783,000"
2003,NEW JERSEY,"304,000"
2003,NEW MEXICO,"295,000"
2003,NEW YORK,"6,561,000"
2003,NORTH CAROLINA,"845,000"
2003,NORTH DAKOTA,"40,229,000"
2003,OHIO,"1,050,000"
2003,OKLAHOMA,"259,000"
2003,OREGON,"2,720,000"
2003,OTHER STATES,"1,017,000"
2003,PENNSYLVANIA,"1,944,000"
2003,SOUTH CAROLINA,"529,000"
2003,SOUTH DAKOTA,"21,522,000"
2003,TENNESSEE,"365,000"
2003,TEXAS,"13,132,000"
2003,UTAH,"1,824,000"
2003,VERMONT,"1,139,000"
2003,VIRGINIA,"373,000"
2003,WASHINGTON,"4,742,000"
2003,WEST VIRGINIA,"711,000"
2003,WISCONSIN,"8,376,000"
2003,WYOMING,"4,454,000"
2002,ALABAMA,"1,218,000"
2002,ARIZONA,"2,586,000"
2002,ARKANSAS,"4,990,000"
2002,CALIFORNIA,"31,020,000"
2002,COLORADO,"1,858,000"
2002,FLORIDA,"23,324,000"
2002,GEORGIA,"2,938,000"
2002,HAWAII,"1,057,000"
2002,IDAHO,"7,809,000"
2002,ILLINOIS,"1,058,000"
2002,INDIANA,"590,000"
2002,IOWA,"3,303,000"
2002,KANSAS,"1,326,000"
2002,KENTUCKY,"440,000"
2002,LOUISIANA,"5,034,000"
2002,MAINE,"546,000"
2002,MARYLAND,"270,000"
2002,MICHIGAN,"7,762,000"
2002,MINNESOTA,"12,555,000"
2002,MISSISSIPPI,"1,727,000"
2002,MISSOURI,"1,278,000"
2002,MONTANA,"11,650,000"
2002,NEBRASKA,"4,805,000"
2002,NEVADA,"1,490,000"
2002,NEW JERSEY,"440,000"
2002,NEW MEXICO,"532,000"
2002,NEW YORK,"7,350,000"
2002,NORTH CAROLINA,"948,000"
2002,NORTH DAKOTA,"35,040,000"
2002,OHIO,"1,814,000"
2002,OKLAHOMA,"259,000"
2002,OREGON,"2,844,000"
2002,OTHER STATES,"1,036,000"
2002,PENNSYLVANIA,"2,215,000"
2002,SOUTH CAROLINA,"588,000"
2002,SOUTH DAKOTA,"16,295,000"
2002,TENNESSEE,"683,000"
2002,TEXAS,"8,707,000"
2002,UTAH,"1,687,000"
2002,VERMONT,"748,000"
2002,VIRGINIA,"578,000"
2002,WASHINGTON,"3,239,000"
2002,WEST VIRGINIA,"606,000"
2002,WISCONSIN,"8,911,000"
2002,WYOMING,"3,184,000"
2001,ALABAMA,"736,000"
2001,ARIZONA,"1,827,000"
2001,ARKANSAS,"3,185,000"
2001,CALIFORNIA,"19,361,000"
2001,COLORADO,"1,015,000"
2001,FLORIDA,"14,080,000"
2001,GEORGIA,"2,195,000"
2001,HAWAII,"606,000"
2001,IDAHO,"3,082,000"
2001,ILLINOIS,"720,000"
2001,INDIANA,"489,000"
2001,IOWA,"1,262,000"
2001,KANSAS,"636,000"
2001,KENTUCKY,"440,000"
2001,LOUISIANA,"2,862,000"
2001,MAINE,"174,000"
2001,MARYLAND,"294,000"
2001,MICHIGAN,"3,694,000"
2001,MINNESOTA,"7,108,000"
2001,MISSISSIPPI,"999,000"
2001,MISSOURI,"953,000"
2001,MONTANA,"9,294,000"
2001,NEBRASKA,"1,486,000"
2001,NEVADA,"963,000"
2001,NEW JERSEY,"318,000"
2001,NEW MEXICO,"462,000"
2001,NEW YORK,"2,931,000"
2001,NORTH CAROLINA,"847,000"
2001,NORTH DAKOTA,"18,547,000"
2001,OHIO,"1,473,000"
2001,OKLAHOMA,"269,000"
2001,OREGON,"1,433,000"
2001,OTHER STATES,"707,000"
2001,PENNSYLVANIA,"1,363,000"
2001,SOUTH CAROLINA,"221,000"
2001,SOUTH DAKOTA,"10,845,000"
2001,TENNESSEE,"656,000"
2001,TEXAS,"4,981,000"
2001,UTAH,"568,000"
2001,VERMONT,"522,000"
2001,VIRGINIA,"590,000"
2001,WASHINGTON,"1,797,000"
2001,WEST VIRGINIA,"646,000"
2001,WISCONSIN,"4,450,000"
2001,WYOMING,"1,902,000"
2000,ALABAMA,"736,000"
2000,ARIZONA,"1,723,000"
2000,ARKANSAS,"2,757,000"
2000,CALIFORNIA,"18,172,000"
2000,COLORADO,"1,079,000"
2000,FLORIDA,"13,154,000"
2000,GEORGIA,"1,975,000"
2000,HAWAII,"643,000"
2000,IDAHO,"2,444,000"
2000,ILLINOIS,"571,000"
2000,INDIANA,"536,000"
2000,IOWA,"1,367,000"
2000,KANSAS,"928,000"
2000,KENTUCKY,"259,000"
2000,LOUISIANA,"2,102,000"
2000,MAINE,"173,000"
2000,MARYLAND,"315,000"
2000,MICHIGAN,"3,240,000"
2000,MINNESOTA,"7,695,000"
2000,MISSISSIPPI,"845,000"
2000,MISSOURI,"1,035,000"
2000,MONTANA,"6,438,000"
2000,NEBRASKA,"2,567,000"
2000,NEVADA,"508,000"
2000,NEW JERSEY,"235,000"
2000,NEW MEXICO,"691,000"
2000,NEW YORK,"2,552,000"
2000,NORTH CAROLINA,"771,000"
2000,NORTH DAKOTA,"19,665,000"
2000,OHIO,"924,000"
2000,OKLAHOMA,"309,000"
2000,OREGON,"1,616,000"
2000,OTHER STATES,"1,297,000"
2000,PENNSYLVANIA,"855,000"
2000,SOUTH DAKOTA,"16,492,000"
2000,TENNESSEE,"785,000"
2000,TEXAS,"4,728,000"
2000,UTAH,"590,000"
2000,VERMONT,"281,000"
2000,VIRGINIA,"441,000"
2000,WASHINGTON,"1,629,000"
2000,WEST VIRGINIA,"461,000"
2000,WISCONSIN,"5,141,000"
2000,WYOMING,"2,140,000"
1999,ALABAMA,"647,000"
1999,ARIZONA,"1,999,000"
1999,ARKANSAS,"2,453,000"
1999,CALIFORNIA,"15,345,000"
1999,COLORADO,"1,395,000"
1999,FLORIDA,"12,326,000"
1999,GEORGIA,"2,122,000"
1999,HAWAII,"512,000"
1999,IDAHO,"3,398,000"
1999,ILLINOIS,"683,000"
1999,INDIANA,"729,000"
1999,IOWA,"1,690,000"
1999,KANSAS,"967,000"
1999,KENTUCKY,"186,000"
1999,LOUISIANA,"2,681,000"
1999,MAINE,"256,000"
1999,MARYLAND,"453,000"
1999,MICHIGAN,"4,095,000"
1999,MINNESOTA,"7,253,000"
1999,MISSISSIPPI,"710,000"
1999,MISSOURI,"1,061,000"
1999,MONTANA,"5,124,000"
1999,NEBRASKA,"2,724,000"
1999,NEVADA,"624,000"
1999,NEW JERSEY,"251,000"
1999,NEW MEXICO,"601,000"
1999,NEW YORK,"3,188,000"
1999,NORTH CAROLINA,"671,000"
1999,NORTH DAKOTA,"15,797,000"
1999,OHIO,"1,066,000"
1999,OKLAHOMA,"362,000"
1999,OREGON,"2,052,000"
1999,OTHER STATES,"1,347,000"
1999,PENNSYLVANIA,"1,277,000"
1999,SOUTH DAKOTA,"13,978,000"
1999,TENNESSEE,"530,000"
1999,TEXAS,"5,599,000"
1999,UTAH,"796,000"
1999,VERMONT,"249,000"
1999,VIRGINIA,"287,000"
1999,WASHINGTON,"1,560,000"
1999,WEST VIRGINIA,"255,000"
1999,WISCONSIN,"4,080,000"
1999,WYOMING,"1,625,000"
1998,ALABAMA,"818,000"
1998,ARIZONA,"2,112,000"
1998,ARKANSAS,"2,033,000"
1998,CALIFORNIA,"23,157,000"
1998,COLORADO,"1,361,000"
1998,FLORIDA,"14,426,000"
1998,GEORGIA,"2,898,000"
1998,HAWAII,"727,000"
1998,IDAHO,"3,900,000"
1998,ILLINOIS,"760,000"
1998,INDIANA,"704,000"
1998,IOWA,"2,730,000"
1998,KANSAS,"640,000"
1998,KENTUCKY,"210,000"
1998,LOUISIANA,"2,685,000"
1998,MAINE,"179,000"
1998,MARYLAND,"339,000"
1998,MICHIGAN,"4,488,000"
1998,MINNESOTA,"7,189,000"
1998,MISSISSIPPI,"898,000"
1998,MISSOURI,"1,154,000"
1998,MONTANA,"8,979,000"
1998,NEBRASKA,"3,853,000"
1998,NEVADA,"759,000"
1998,NEW JERSEY,"410,000"
1998,NEW MEXICO,"585,000"
1998,NEW YORK,"3,640,000"
1998,NORTH CAROLINA,"651,000"
1998,NORTH DAKOTA,"18,547,000"
1998,OHIO,"1,165,000"
1998,OKLAHOMA,"253,000"
1998,OREGON,"2,025,000"
1998,OTHER STATES,"1,377,000"
1998,PENNSYLVANIA,"1,373,000"
1998,SOUTH DAKOTA,"13,680,000"
1998,TENNESSEE,"591,000"
1998,TEXAS,"4,344,000"
1998,UTAH,"1,131,000"
1998,VERMONT,"326,000"
1998,VIRGINIA,"394,000"
1998,WASHINGTON,"1,893,000"
1998,WEST VIRGINIA,"376,000"
1998,WISCONSIN,"5,831,000"
1998,WYOMING,"1,877,000"
1997,ALABAMA,"748,000"
1997,ARIZONA,"2,419,000"
1997,ARKANSAS,"3,325,000"
1997,CALIFORNIA,"22,050,000"
1997,COLORADO,"1,579,000"
1997,FLORIDA,"11,738,000"
1997,GEORGIA,"2,726,000"
1997,HAWAII,"1,130,000"
1997,IDAHO,"5,530,000"
1997,ILLINOIS,"613,000"
1997,INDIANA,"642,000"
1997,IOWA,"2,864,000"
1997,KANSAS,"978,000"
1997,KENTUCKY,"266,000"
1997,LOUISIANA,"3,542,000"
1997,MAINE,"106,000"
1997,MARYLAND,"382,000"
1997,MICHIGAN,"4,582,000"
1997,MINNESOTA,"7,833,000"
1997,MISSISSIPPI,"1,013,000"
1997,MISSOURI,"1,441,000"
1997,MONTANA,"9,502,000"
1997,NEBRASKA,"3,147,000"
1997,NEVADA,"974,000"
1997,NEW JERSEY,"510,000"
1997,NEW MEXICO,"783,000"
1997,NEW YORK,"3,672,000"
1997,NORTH CAROLINA,"552,000"
1997,NORTH DAKOTA,"18,130,000"
1997,OHIO,"1,496,000"
1997,OKLAHOMA,"318,000"
1997,OREGON,"2,094,000"
1997,OTHER STATES,"1,644,000"
1997,PENNSYLVANIA,"1,056,000"
1997,SOUTH DAKOTA,"11,544,000"
1997,TENNESSEE,"638,000"
1997,TEXAS,"7,473,000"
1997,UTAH,"1,248,000"
1997,VERMONT,"261,000"
1997,VIRGINIA,"615,000"
1997,WASHINGTON,"2,371,000"
1997,WEST VIRGINIA,"622,000"
1997,WISCONSIN,"4,266,000"
1997,WYOMING,"1,767,000"
1996,ALABAMA,"835,000"
1996,ARIZONA,"1,632,000"
1996,ARKANSAS,"3,570,000"
1996,CALIFORNIA,"22,932,000"
1996,COLORADO,"1,887,000"
1996,FLORIDA,"21,672,000"
1996,GEORGIA,"4,488,000"
1996,HAWAII,"1,004,000"
1996,IDAHO,"4,356,000"
1996,ILLINOIS,"1,099,000"
1996,INDIANA,"695,000"
1996,IOWA,"3,310,000"
1996,KANSAS,"767,000"
1996,KENTUCKY,"230,000"
1996,LOUISIANA,"3,871,000"
1996,MAINE,"219,000"
1996,MARYLAND,"271,000"
1996,MICHIGAN,"8,726,000"
1996,MINNESOTA,"10,395,000"
1996,MISSISSIPPI,"1,183,000"
1996,MISSOURI,"1,498,000"
1996,MONTANA,"6,178,000"
1996,NEBRASKA,"4,485,000"
1996,NEVADA,"897,000"
1996,NEW JERSEY,"258,000"
1996,NEW MEXICO,"1,051,000"
1996,NEW YORK,"4,842,000"
1996,NORTH CAROLINA,"549,000"
1996,NORTH DAKOTA,"17,802,000"
1996,OHIO,"1,613,000"
1996,OKLAHOMA,"257,000"
1996,OREGON,"3,018,000"
1996,OTHER STATES,"354,000"
1996,PENNSYLVANIA,"1,079,000"
1996,SOUTH CAROLINA,"940,000"
1996,SOUTH DAKOTA,"20,952,000"
1996,TENNESSEE,"493,000"
1996,TEXAS,"5,785,000"
1996,UTAH,"1,329,000"
1996,VERMONT,"335,000"
1996,VIRGINIA,"518,000"
1996,WASHINGTON,"3,132,000"
1996,WEST VIRGINIA,"938,000"
1996,WISCONSIN,"4,844,000"
1996,WYOMING,"2,628,000"
1995,ALABAMA,"640,000"
1995,ARIZONA,"2,670,000"
1995,ARKANSAS,"2,343,000"
1995,CALIFORNIA,"24,608,000"
1995,COLORADO,"1,971,000"
1995,FLORIDA,"12,659,000"
1995,GEORGIA,"3,081,000"
1995,HAWAII,"578,000"
1995,IDAHO,"4,140,000"
1995,ILLINOIS,"920,000"
1995,INDIANA,"544,000"
1995,IOWA,"2,356,000"
1995,KANSAS,"1,014,000"
1995,KENTUCKY,"135,000"
1995,LOUISIANA,"2,849,000"
1995,MAINE,"480,000"
1995,MARYLAND,"252,000"
1995,MICHIGAN,"6,961,000"
1995,MINNESOTA,"9,471,000"
1995,MISSISSIPPI,"762,000"
1995,MISSOURI,"1,125,000"
1995,MONTANA,"6,106,000"
1995,NEBRASKA,"3,197,000"
1995,NEVADA,"261,000"
1995,NEW JERSEY,"262,000"
1995,NEW MEXICO,"1,025,000"
1995,NEW YORK,"3,728,000"
1995,NORTH CAROLINA,"524,000"
1995,NORTH DAKOTA,"15,919,000"
1995,OHIO,"1,147,000"
1995,OKLAHOMA,"283,000"
1995,OREGON,"2,109,000"
1995,OTHER STATES,"414,000"
1995,PENNSYLVANIA,"785,000"
1995,SOUTH CAROLINA,"1,021,000"
1995,SOUTH DAKOTA,"14,484,000"
1995,TENNESSEE,"310,000"
1995,TEXAS,"5,966,000"
1995,UTAH,"686,000"
1995,VERMONT,"288,000"
1995,VIRGINIA,"271,000"
1995,WASHINGTON,"2,018,000"
1995,WEST VIRGINIA,"629,000"
1995,WISCONSIN,"4,037,000"
1995,WYOMING,"999,000"
1994,ALABAMA,"468,000"
1994,ARIZONA,"1,595,000"
1994,ARKANSAS,"1,992,000"
1994,CALIFORNIA,"12,240,000"
1994,COLORADO,"1,915,000"
1994,FLORIDA,"9,080,000"
1994,GEORGIA,"2,873,000"
1994,HAWAII,"432,000"
1994,IDAHO,"3,896,000"
1994,ILLINOIS,"1,082,000"
1994,INDIANA,"498,000"
1994,IOWA,"2,231,000"
1994,KANSAS,"643,000"
1994,KENTUCKY,"159,000"
1994,LOUISIANA,"1,803,000"
1994,MAINE,"264,000"
1994,MARYLAND,"272,000"
1994,MICHIGAN,"4,257,000"
1994,MINNESOTA,"6,984,000"
1994,MISSISSIPPI,"483,000"
1994,MISSOURI,"1,020,000"
1994,MONTANA,"6,497,000"
1994,NEBRASKA,"2,218,000"
1994,NEVADA,"816,000"
1994,NEW JERSEY,"229,000"
1994,NEW MEXICO,"572,000"
1994,NEW YORK,"2,913,000"
1994,NORTH CAROLINA,"841,000"
1994,NORTH DAKOTA,"15,566,000"
1994,OHIO,"1,106,000"
1994,OKLAHOMA,"270,000"
1994,OREGON,"1,690,000"
1994,OTHER STATES,"255,000"
1994,PENNSYLVANIA,"761,000"
1994,SOUTH CAROLINA,"820,000"
1994,SOUTH DAKOTA,"13,520,000"
1994,TENNESSEE,"300,000"
1994,TEXAS,"3,811,000"
1994,UTAH,"1,345,000"
1994,VERMONT,"335,000"
1994,VIRGINIA,"372,000"
1994,WASHINGTON,"2,009,000"
1994,WEST VIRGINIA,"1,038,000"
1994,WISCONSIN,"3,195,000"
1994,WYOMING,"1,841,000"
1993,ALABAMA,"504,000"
1993,ARIZONA,"2,202,000"
1993,ARKANSAS,"1,825,000"
1993,CALIFORNIA,"22,500,000"
1993,COLORADO,"2,244,000"
1993,FLORIDA,"11,300,000"
1993,GEORGIA,"2,733,000"
1993,HAWAII,"828,000"
1993,IDAHO,"4,910,000"
1993,ILLINOIS,"691,000"
1993,INDIANA,"554,000"
1993,IOWA,"1,537,000"
1993,KANSAS,"734,000"
1993,KENTUCKY,"202,000"
1993,LOUISIANA,"2,102,000"
1993,MAINE,"442,000"
1993,MARYLAND,"278,000"
1993,MICHIGAN,"3,950,000"
1993,MINNESOTA,"7,632,000"
1993,MISSISSIPPI,"508,000"
1993,MISSOURI,"1,034,000"
1993,MONTANA,"5,027,000"
1993,NEBRASKA,"3,079,000"
1993,NEVADA,"692,000"
1993,NEW JERSEY,"268,000"
1993,NEW MEXICO,"783,000"
1993,NEW YORK,"2,539,000"
1993,NORTH CAROLINA,"716,000"
1993,NORTH DAKOTA,"10,296,000"
1993,OHIO,"1,307,000"
1993,OKLAHOMA,"326,000"
1993,OREGON,"1,989,000"
1993,OTHER STATES,"443,000"
1993,PENNSYLVANIA,"717,000"
1993,SOUTH CAROLINA,"594,000"
1993,SOUTH DAKOTA,"12,485,000"
1993,TENNESSEE,"379,000"
1993,TEXAS,"4,391,000"
1993,UTAH,"1,224,000"
1993,VERMONT,"330,000"
1993,VIRGINIA,"437,000"
1993,WASHINGTON,"1,647,000"
1993,WEST VIRGINIA,"821,000"
1993,WISCONSIN,"4,838,000"
1993,WYOMING,"991,000"
1992,ALABAMA,"605,000"
1992,ARIZONA,"2,079,000"
1992,ARKANSAS,"1,521,000"
1992,CALIFORNIA,"17,072,000"
1992,COLORADO,"2,270,000"
1992,FLORIDA,"12,126,000"
1992,GEORGIA,"3,086,000"
1992,HAWAII,"671,000"
1992,IDAHO,"3,580,000"
1992,ILLINOIS,"746,000"
1992,INDIANA,"335,000"
1992,IOWA,"2,297,000"
1992,KANSAS,"958,000"
1992,KENTUCKY,"89,000"
1992,LOUISIANA,"2,456,000"
1992,MAINE,"254,000"
1992,MARYLAND,"137,000"
1992,MICHIGAN,"3,811,000"
1992,MINNESOTA,"9,234,000"
1992,MISSISSIPPI,"829,000"
1992,MISSOURI,"1,186,000"
1992,MONTANA,"5,264,000"
1992,NEBRASKA,"3,816,000"
1992,NEVADA,"829,000"
1992,NEW JERSEY,"160,000"
1992,NEW MEXICO,"747,000"
1992,NEW YORK,"2,818,000"
1992,NORTH CAROLINA,"533,000"
1992,NORTH DAKOTA,"11,575,000"
1992,OHIO,"752,000"
1992,OKLAHOMA,"346,000"
1992,OREGON,"1,478,000"
1992,OTHER STATES,"232,000"
1992,PENNSYLVANIA,"873,000"
1992,SOUTH CAROLINA,"592,000"
1992,SOUTH DAKOTA,"10,812,000"
1992,TENNESSEE,"223,000"
1992,TEXAS,"5,525,000"
1992,UTAH,"1,527,000"
1992,VERMONT,"284,000"
1992,VIRGINIA,"351,000"
1992,WASHINGTON,"2,042,000"
1992,WEST VIRGINIA,"1,075,000"
1992,WISCONSIN,"4,019,000"
1992,WYOMING,"1,550,000"
1991,ALABAMA,"348,000"
1991,ARIZONA,"1,988,000"
1991,ARKANSAS,"2,005,000"
1991,CALIFORNIA,"18,711,000"
1991,COLORADO,"2,489,000"
1991,FLORIDA,"9,898,000"
1991,GEORGIA,"2,699,000"
1991,HAWAII,"747,000"
1991,IDAHO,"3,478,000"
1991,ILLINOIS,"863,000"
1991,INDIANA,"714,000"
1991,IOWA,"2,354,000"
1991,KANSAS,"1,092,000"
1991,KENTUCKY,"168,000"
1991,LOUISIANA,"1,484,000"
1991,MAINE,"377,000"
1991,MARYLAND,"196,000"
1991,MICHIGAN,"4,369,000"
1991,MINNESOTA,"8,845,000"
1991,MISSISSIPPI,"524,000"
1991,MISSOURI,"1,128,000"
1991,MONTANA,"4,510,000"
1991,NEBRASKA,"3,835,000"
1991,NEVADA,"632,000"
1991,NEW JERSEY,"314,000"
1991,NEW MEXICO,"862,000"
1991,NEW YORK,"2,960,000"
1991,NORTH CAROLINA,"689,000"
1991,NORTH DAKOTA,"11,958,000"
1991,OHIO,"1,845,000"
1991,OKLAHOMA,"536,000"
1991,OREGON,"1,443,000"
1991,OTHER STATES,"297,000"
1991,PENNSYLVANIA,"1,260,000"
1991,SOUTH CAROLINA,"517,000"
1991,SOUTH DAKOTA,"12,272,000"
1991,TENNESSEE,"367,000"
1991,TEXAS,"5,897,000"
1991,UTAH,"842,000"
1991,VERMONT,"360,000"
1991,VIRGINIA,"380,000"
1991,WASHINGTON,"2,035,000"
1991,WEST VIRGINIA,"543,000"
1991,WISCONSIN,"4,127,000"
1991,WYOMING,"1,173,000"
1990,ALABAMA,"606,000"
1990,ARIZONA,"1,576,000"
1990,ARKANSAS,"1,729,000"
1990,CALIFORNIA,"10,886,000"
1990,COLORADO,"2,323,000"
1990,CONNECTICUT,"135,000"
1990,DELAWARE,"14,000"
1990,FLORIDA,"10,032,000"
1990,GEORGIA,"3,275,000"
1990,HAWAII,"738,000"
1990,IDAHO,"2,688,000"
1990,ILLINOIS,"672,000"
1990,INDIANA,"755,000"
1990,IOWA,"2,003,000"
1990,KANSAS,"1,447,000"
1990,KENTUCKY,"324,000"
1990,LOUISIANA,"1,792,000"
1990,MAINE,"307,000"
1990,MARYLAND,"120,000"
1990,MASSACHUSETTS,"252,000"
1990,MICHIGAN,"4,480,000"
1990,MINNESOTA,"6,164,000"
1990,MISSISSIPPI,"744,000"
1990,MISSOURI,"1,077,000"
1990,MONTANA,"4,287,000"
1990,NEBRASKA,"3,238,000"
1990,NEVADA,"710,000"
1990,NEW HAMPSHIRE,"46,000"
1990,NEW JERSEY,"284,000"
1990,NEW MEXICO,"1,091,000"
1990,NEW YORK,"2,843,000"
1990,NORTH CAROLINA,"710,000"
1990,NORTH DAKOTA,"9,381,000"
1990,OHIO,"1,692,000"
1990,OKLAHOMA,"351,000"
1990,OREGON,"1,383,000"
1990,PENNSYLVANIA,"769,000"
1990,RHODE ISLAND,"32,000"
1990,SOUTH CAROLINA,"339,000"
1990,SOUTH DAKOTA,"9,923,000"
1990,TENNESSEE,"621,000"
1990,TEXAS,"5,534,000"
1990,UTAH,"974,000"
1990,VERMONT,"335,000"
1990,VIRGINIA,"517,000"
1990,WASHINGTON,"2,200,000"
1990,WEST VIRGINIA,"801,000"
1990,WISCONSIN,"4,788,000"
1990,WYOMING,"1,186,000"
1989,ALABAMA,"443,000"
1989,ARIZONA,"1,931,000"
1989,ARKANSAS,"975,000"
1989,CALIFORNIA,"10,329,000"
1989,COLORADO,"1,782,000"
1989,CONNECTICUT,"84,000"
1989,DELAWARE,"10,000"
1989,FLORIDA,"7,200,000"
1989,GEORGIA,"1,754,000"
1989,HAWAII,"547,000"
1989,IDAHO,"3,478,000"
1989,ILLINOIS,"860,000"
1989,INDIANA,"706,000"
1989,IOWA,"2,714,000"
1989,KANSAS,"817,000"
1989,KENTUCKY,"376,000"
1989,LOUISIANA,"1,398,000"
1989,MAINE,"314,000"
1989,MARYLAND,"111,000"
1989,MASSACHUSETTS,"256,000"
1989,MICHIGAN,"3,998,000"
1989,MINNESOTA,"6,831,000"
1989,MISSISSIPPI,"348,000"
1989,MISSOURI,"1,146,000"
1989,MONTANA,"2,961,000"
1989,NEBRASKA,"3,394,000"
1989,NEVADA,"405,000"
1989,NEW HAMPSHIRE,"50,000"
1989,NEW JERSEY,"397,000"
1989,NEW MEXICO,"621,000"
1989,NEW YORK,"3,050,000"
1989,NORTH CAROLINA,"608,000"
1989,NORTH DAKOTA,"8,159,000"
1989,OHIO,"710,000"
1989,OKLAHOMA,"509,000"
1989,OREGON,"1,278,000"
1989,PENNSYLVANIA,"991,000"
1989,RHODE ISLAND,"54,000"
1989,SOUTH CAROLINA,"191,000"
1989,SOUTH DAKOTA,"5,297,000"
1989,TENNESSEE,"463,000"
1989,TEXAS,"3,842,000"
1989,UTAH,"1,117,000"
1989,VERMONT,"271,000"
1989,VIRGINIA,"248,000"
1989,WASHINGTON,"1,449,000"
1989,WEST VIRGINIA,"1,084,000"
1989,WISCONSIN,"4,555,000"
1989,WYOMING,"944,000"
1988,ALABAMA,"1,076,000"
1988,ARIZONA,"1,921,000"
1988,ARKANSAS,"1,025,000"
1988,CALIFORNIA,"11,760,000"
1988,COLORADO,"2,191,000"
1988,CONNECTICUT,"91,000"
1988,DELAWARE,"19,000"
1988,FLORIDA,"12,852,000"
1988,GEORGIA,"2,546,000"
1988,HAWAII,"693,000"
1988,IDAHO,"2,894,000"
1988,ILLINOIS,"1,468,000"
1988,INDIANA,"1,301,000"
1988,IOWA,"2,971,000"
1988,KANSAS,"1,333,000"
1988,KENTUCKY,"509,000"
1988,LOUISIANA,"1,607,000"
1988,MAINE,"262,000"
1988,MARYLAND,"135,000"
1988,MASSACHUSETTS,"262,000"
1988,MICHIGAN,"3,676,000"
1988,MINNESOTA,"8,875,000"
1988,MISSISSIPPI,"679,000"
1988,MISSOURI,"1,464,000"
1988,MONTANA,"2,369,000"
1988,NEBRASKA,"4,882,000"
1988,NEVADA,"127,000"
1988,NEW HAMPSHIRE,"33,000"
1988,NEW JERSEY,"781,000"
1988,NEW MEXICO,"682,000"
1988,NEW YORK,"3,882,000"
1988,NORTH CAROLINA,"705,000"
1988,NORTH DAKOTA,"7,095,000"
1988,OHIO,"1,560,000"
1988,OKLAHOMA,"402,000"
1988,OREGON,"1,560,000"
1988,PENNSYLVANIA,"1,387,000"
1988,RHODE ISLAND,"46,000"
1988,SOUTH CAROLINA,"342,000"
1988,SOUTH DAKOTA,"8,340,000"
1988,TENNESSEE,"1,050,000"
1988,TEXAS,"4,335,000"
1988,UTAH,"900,000"
1988,VERMONT,"303,000"
1988,VIRGINIA,"560,000"
1988,WASHINGTON,"1,405,000"
1988,WEST VIRGINIA,"788,000"
1988,WISCONSIN,"5,453,000"
1988,WYOMING,"1,440,000"
1987,ALABAMA,"853,000"
1987,ARIZONA,"1,955,000"
1987,ARKANSAS,"880,000"
1987,CALIFORNIA,"8,732,000"
1987,COLORADO,"2,184,000"
1987,CONNECTICUT,"80,000"
1987,DELAWARE,"27,000"
1987,FLORIDA,"9,290,000"
1987,GEORGIA,"2,462,000"
1987,HAWAII,"752,000"
1987,IDAHO,"3,888,000"
1987,ILLINOIS,"1,722,000"
1987,INDIANA,"841,000"
1987,IOWA,"2,447,000"
1987,KANSAS,"1,361,000"
1987,KENTUCKY,"336,000"
1987,LOUISIANA,"1,234,000"
1987,MAINE,"282,000"
1987,MARYLAND,"152,000"
1987,MASSACHUSETTS,"101,000"
1987,MICHIGAN,"3,352,000"
1987,MINNESOTA,"7,949,000"
1987,MISSISSIPPI,"479,000"
1987,MISSOURI,"936,000"
1987,MONTANA,"4,264,000"
1987,NEBRASKA,"4,356,000"
1987,NEVADA,"261,000"
1987,NEW HAMPSHIRE,"30,000"
1987,NEW JERSEY,"434,000"
1987,NEW MEXICO,"561,000"
1987,NEW YORK,"2,614,000"
1987,NORTH CAROLINA,"768,000"
1987,NORTH DAKOTA,"14,850,000"
1987,OHIO,"1,843,000"
1987,OKLAHOMA,"469,000"
1987,OREGON,"1,201,000"
1987,PENNSYLVANIA,"1,273,000"
1987,RHODE ISLAND,"44,000"
1987,SOUTH CAROLINA,"326,000"
1987,SOUTH DAKOTA,"16,026,000"
1987,TENNESSEE,"1,733,000"
1987,TEXAS,"4,440,000"
1987,UTAH,"907,000"
1987,VERMONT,"290,000"
1987,VIRGINIA,"576,000"
1987,WASHINGTON,"1,815,000"
1987,WEST VIRGINIA,"706,000"
1987,WISCONSIN,"4,284,000"
1987,WYOMING,"1,530,000"
