Year,State,Population,Value
2018,ALABAMA,"6,000","964,000"
2018,ARIZONA,"24,000","2,572,000"
2018,ARKANSAS,"28,000","2,618,000"
2018,CALIFORNIA,"335,000","28,294,000"
2018,COLORADO,"31,000","3,006,000"
2018,FLORIDA,"215,000","25,284,000"
2018,GEORGIA,"98,000","9,296,000"
2018,HAWAII,"17,000","3,204,000"
2018,IDAHO,"96,000","5,833,000"
2018,ILLINOIS,"11,000","2,260,000"
2018,INDIANA,"7,000","1,208,000"
2018,IOWA,"38,000","4,376,000"
2018,KANSAS,"5,000","1,095,000"
2018,KENTUCKY,"4,000","889,000"
2018,LOUISIANA,"45,000","7,097,000"
2018,MAINE,"12,000","1,029,000"
2018,MICHIGAN,"92,000","9,594,000"
2018,MINNESOTA,"119,000","13,647,000"
2018,MISSISSIPPI,"20,000","3,567,000"
2018,MISSOURI,"9,000","1,045,000"
2018,MONTANA,"160,000","28,262,000"
2018,NEBRASKA,"40,000","4,696,000"
2018,NEW JERSEY,"13,000","2,962,000"
2018,NEW YORK,"56,000","8,978,000"
2018,NORTH CAROLINA,"10,000","1,832,000"
2018,NORTH DAKOTA,"530,000","71,741,000"
2018,OHIO,"14,000","3,689,000"
2018,OREGON,"93,000","7,226,000"
2018,OTHER STATES,"36,000","8,599,000"
2018,PENNSYLVANIA,"19,000","3,118,000"
2018,SOUTH CAROLINA,"16,000","2,335,000"
2018,SOUTH DAKOTA,"255,000","23,730,000"
2018,TENNESSEE,"7,000","1,285,000"
2018,TEXAS,"132,000","15,228,000"
2018,UTAH,"26,000","2,228,000"
2018,VERMONT,"7,000","1,230,000"
2018,VIRGINIA,"4,000","1,093,000"
2018,WASHINGTON,"77,000","6,986,000"
2018,WEST VIRGINIA,"6,000","924,000"
2018,WISCONSIN,"51,000","6,334,000"
2018,WYOMING,"39,000","4,128,000"
2017,ALABAMA,"7,000","907,000"
2017,ARIZONA,"22,000","1,751,000"
2017,ARKANSAS,"29,000","3,885,000"
2017,CALIFORNIA,"335,000","29,668,000"
2017,COLORADO,"33,000","2,966,000"
2017,FLORIDA,"205,000","20,892,000"
2017,GEORGIA,"99,000","9,504,000"
2017,HAWAII,"19,000","3,808,000"
2017,IDAHO,"95,000","7,482,000"
2017,ILLINOIS,"11,000","2,576,000"
2017,INDIANA,"8,000","1,502,000"
2017,IOWA,"35,000","4,588,000"
2017,KANSAS,"7,000","2,229,000"
2017,KENTUCKY,"5,000","785,000"
2017,LOUISIANA,"43,000","6,722,000"
2017,MAINE,"12,000","1,980,000"
2017,MICHIGAN,"87,000","9,474,000"
2017,MINNESOTA,"126,000","15,077,000"
2017,MISSISSIPPI,"18,000","2,817,000"
2017,MISSOURI,"8,000","1,924,000"
2017,MONTANA,"145,000","23,386,000"
2017,NEBRASKA,"42,000","5,054,000"
2017,NEW JERSEY,"13,000","3,181,000"
2017,NEW YORK,"57,000","9,672,000"
2017,NORTH CAROLINA,"11,000","2,066,000"
2017,NORTH DAKOTA,"455,000","64,310,000"
2017,OHIO,"15,000","3,548,000"
2017,OREGON,"78,000","6,552,000"
2017,OTHER STATES,"35,000","6,725,000"
2017,PENNSYLVANIA,"16,000","2,583,000"
2017,SOUTH CAROLINA,"16,000","1,469,000"
2017,SOUTH DAKOTA,"255,000","30,087,000"
2017,TENNESSEE,"7,000","1,312,000"
2017,TEXAS,"120,000","17,186,000"
2017,UTAH,"27,000","1,741,000"
2017,VERMONT,"7,000","1,520,000"
2017,VIRGINIA,"6,000","1,212,000"
2017,WASHINGTON,"77,000","8,455,000"
2017,WEST VIRGINIA,"6,000","943,000"
2017,WISCONSIN,"53,000","8,370,000"
2017,WYOMING,"39,000","3,328,000"
2016,ALABAMA,"7,000","1,256,000"
2016,ARIZONA,"27,000","2,447,000"
2016,ARKANSAS,"24,000","3,064,000"
2016,CALIFORNIA,"310,000","22,766,000"
2016,COLORADO,"32,000","2,867,000"
2016,FLORIDA,"215,000","26,123,000"
2016,GEORGIA,"96,000","10,071,000"
2016,HAWAII,"18,000","4,699,000"
2016,IDAHO,"97,000","6,002,000"
2016,ILLINOIS,"10,000","2,602,000"
2016,INDIANA,"8,000","1,716,000"
2016,IOWA,"37,000","3,694,000"
2016,KANSAS,"7,000","1,021,000"
2016,KENTUCKY,"5,000","925,000"
2016,LOUISIANA,"50,000","8,342,000"
2016,MAINE,"12,000","1,379,000"
2016,MICHIGAN,"89,000","12,656,000"
2016,MINNESOTA,"124,000","12,364,000"
2016,MISSISSIPPI,"19,000","2,794,000"
2016,MISSOURI,"8,000","1,146,000"
2016,MONTANA,"159,000","21,670,000"
2016,NEBRASKA,"48,000","4,217,000"
2016,NEW JERSEY,"12,000","2,297,000"
2016,NEW YORK,"64,000","11,637,000"
2016,NORTH CAROLINA,"12,000","2,122,000"
2016,NORTH DAKOTA,"485,000","69,986,000"
2016,OHIO,"15,000","4,657,000"
2016,OREGON,"74,000","4,947,000"
2016,OTHER STATES,"37,000","6,788,000"
2016,PENNSYLVANIA,"19,000","2,879,000"
2016,SOUTH CAROLINA,"16,000","3,290,000"
2016,SOUTH DAKOTA,"280,000","34,989,000"
2016,TENNESSEE,"6,000","1,610,000"
2016,TEXAS,"133,000","19,365,000"
2016,UTAH,"31,000","1,915,000"
2016,VERMONT,"6,000","1,136,000"
2016,VIRGINIA,"5,000","1,112,000"
2016,WASHINGTON,"84,000","5,851,000"
2016,WEST VIRGINIA,"5,000","627,000"
2016,WISCONSIN,"54,000","8,939,000"
2016,WYOMING,"40,000","4,842,000"
2015,ALABAMA,"7,000","1,260,000"
2015,ARIZONA,"26,000","2,586,000"
2015,ARKANSAS,"24,000","3,560,000"
2015,CALIFORNIA,"275,000","16,748,000"
2015,COLORADO,"29,000","3,343,000"
2015,FLORIDA,"220,000","23,404,000"
2015,GEORGIA,"69,000","6,707,000"
2015,HAWAII,"16,000","3,117,000"
2015,IDAHO,"89,000","5,497,000"
2015,ILLINOIS,"8,000","1,901,000"
2015,INDIANA,"6,000","1,027,000"
2015,IOWA,"36,000","3,960,000"
2015,KANSAS,"8,000","1,008,000"
2015,KENTUCKY,"5,000","929,000"
2015,LOUISIANA,"44,000","8,494,000"
2015,MAINE,"10,000","2,552,000"
2015,MICHIGAN,"90,000","12,737,000"
2015,MINNESOTA,"122,000","15,265,000"
2015,MISSISSIPPI,"15,000","2,988,000"
2015,MISSOURI,"10,000","1,846,000"
2015,MONTANA,"146,000","23,509,000"
2015,NEBRASKA,"57,000","5,581,000"
2015,NEW JERSEY,"12,000","1,361,000"
2015,NEW YORK,"58,000","10,572,000"
2015,NORTH CAROLINA,"12,000","2,435,000"
2015,NORTH DAKOTA,"490,000","65,268,000"
2015,OHIO,"17,000","3,060,000"
2015,OREGON,"71,000","6,556,000"
2015,OTHER STATES,"30,000","6,120,000"
2015,PENNSYLVANIA,"17,000","3,262,000"
2015,SOUTH CAROLINA,"14,000","3,846,000"
2015,SOUTH DAKOTA,"290,000","34,261,000"
2015,TENNESSEE,"7,000","1,669,000"
2015,TEXAS,"126,000","17,464,000"
2015,UTAH,"27,000","2,177,000"
2015,VERMONT,"5,000","1,100,000"
2015,VIRGINIA,"5,000","1,023,000"
2015,WASHINGTON,"73,000","5,782,000"
2015,WEST VIRGINIA,"5,000","777,000"
2015,WISCONSIN,"52,000","8,466,000"
2015,WYOMING,"38,000","5,559,000"
2014,ALABAMA,"7,000","1,310,000"
2014,ARIZONA,"26,000","1,947,000"
2014,ARKANSAS,"21,000","2,785,000"
2014,CALIFORNIA,"320,000","25,709,000"
2014,COLORADO,"27,000","2,108,000"
2014,FLORIDA,"245,000","30,576,000"
2014,GEORGIA,"73,000","9,912,000"
2014,HAWAII,"15,000","3,195,000"
2014,IDAHO,"100,000","6,902,000"
2014,ILLINOIS,"8,000","1,611,000"
2014,INDIANA,"5,000","989,000"
2014,IOWA,"35,000","3,627,000"
2014,KANSAS,"7,000","1,250,000"
2014,KENTUCKY,"5,000","931,000"
2014,LOUISIANA,"48,000","8,790,000"
2014,MAINE,"8,000","1,876,000"
2014,MICHIGAN,"91,000","14,275,000"
2014,MINNESOTA,"132,000","16,315,000"
2014,MISSISSIPPI,"20,000","4,502,000"
2014,MISSOURI,"12,000","2,047,000"
2014,MONTANA,"162,000","29,795,000"
2014,NEBRASKA,"50,000","7,650,000"
2014,NEW JERSEY,"12,000","1,127,000"
2014,NEW YORK,"60,000","9,339,000"
2014,NORTH CAROLINA,"12,000","1,801,000"
2014,NORTH DAKOTA,"490,000","83,859,000"
2014,OHIO,"15,000","3,276,000"
2014,OREGON,"71,000","6,248,000"
2014,OTHER STATES,"31,000","5,153,000"
2014,PENNSYLVANIA,"17,000","2,276,000"
2014,SOUTH CAROLINA,"9,000","1,929,000"
2014,SOUTH DAKOTA,"280,000","50,669,000"
2014,TENNESSEE,"7,000","1,658,000"
2014,TEXAS,"116,000","20,268,000"
2014,UTAH,"29,000","1,730,000"
2014,VERMONT,"4,000","1,134,000"
2014,VIRGINIA,"6,000","1,067,000"
2014,WASHINGTON,"68,000","7,809,000"
2014,WEST VIRGINIA,"6,000","757,000"
2014,WISCONSIN,"53,000","6,812,000"
2014,WYOMING,"38,000","4,821,000"
2013,ALABAMA,"7,000","1,037,000"
2013,ARIZONA,"29,000","2,046,000"
2013,ARKANSAS,"22,000","2,666,000"
2013,CALIFORNIA,"330,000","22,978,000"
2013,COLORADO,"26,000","2,348,000"
2013,FLORIDA,"220,000","27,243,000"
2013,GEORGIA,"67,000","7,571,000"
2013,HAWAII,"13,000","2,126,000"
2013,IDAHO,"83,000","5,365,000"
2013,ILLINOIS,"7,000","1,408,000"
2013,INDIANA,"6,000","781,000"
2013,IOWA,"39,000","4,586,000"
2013,KANSAS,"6,000","690,000"
2013,KENTUCKY,"3,000","400,000"
2013,LOUISIANA,"50,000","9,261,000"
2013,MAINE,"7,000","945,000"
2013,MICHIGAN,"85,000","10,098,000"
2013,MINNESOTA,"130,000","15,005,000"
2013,MISSISSIPPI,"17,000","3,668,000"
2013,MISSOURI,"10,000","1,231,000"
2013,MONTANA,"159,000","31,237,000"
2013,NEBRASKA,"46,000","5,713,000"
2013,NEW JERSEY,"11,000","2,028,000"
2013,NEW YORK,"55,000","5,597,000"
2013,NORTH CAROLINA,"10,000","1,395,000"
2013,NORTH DAKOTA,"480,000","67,565,000"
2013,OHIO,"17,000","2,517,000"
2013,OREGON,"62,000","5,186,000"
2013,OTHER STATES,"33,000","4,960,000"
2013,PENNSYLVANIA,"13,000","1,773,000"
2013,SOUTH DAKOTA,"265,000","30,719,000"
2013,TENNESSEE,"7,000","1,118,000"
2013,TEXAS,"106,000","13,133,000"
2013,UTAH,"30,000","2,132,000"
2013,VERMONT,"4,000","794,000"
2013,VIRGINIA,"5,000","788,000"
2013,WASHINGTON,"69,000","6,189,000"
2013,WEST VIRGINIA,"6,000","1,010,000"
2013,WISCONSIN,"59,000","8,425,000"
2013,WYOMING,"47,000","6,545,000"
2012,ALABAMA,"8,000","1,067,000"
2012,ARIZONA,"22,000","1,811,000"
2012,ARKANSAS,"25,000","3,119,000"
2012,CALIFORNIA,"330,000","22,407,000"
2012,COLORADO,"25,000","2,484,000"
2012,FLORIDA,"193,000","22,728,000"
2012,GEORGIA,"59,000","5,777,000"
2012,HAWAII,"10,000","3,113,000"
2012,IDAHO,"92,000","4,799,000"
2012,ILLINOIS,"7,000","1,516,000"
2012,INDIANA,"8,000","1,199,000"
2012,IOWA,"37,000","4,898,000"
2012,KANSAS,"6,000","752,000"
2012,KENTUCKY,"5,000","803,000"
2012,LOUISIANA,"41,000","6,453,000"
2012,MAINE,"4,000","325,000"
2012,MICHIGAN,"73,000","8,447,000"
2012,MINNESOTA,"125,000","16,080,000"
2012,MISSISSIPPI,"18,000","3,759,000"
2012,MISSOURI,"7,000","1,039,000"
2012,MONTANA,"145,000","14,703,000"
2012,NEBRASKA,"43,000","5,394,000"
2012,NEW JERSEY,"14,000","910,000"
2012,NEW MEXICO,"5,000","881,000"
2012,NEW YORK,"51,000","5,800,000"
2012,NORTH CAROLINA,"13,000","1,906,000"
2012,NORTH DAKOTA,"480,000","63,590,000"
2012,OHIO,"18,000","2,657,000"
2012,OREGON,"60,000","4,147,000"
2012,OTHER STATES,"30,000","4,320,000"
2012,PENNSYLVANIA,"16,000","2,467,000"
2012,SOUTH DAKOTA,"260,000","31,941,000"
2012,TENNESSEE,"6,000","1,072,000"
2012,TEXAS,"92,000","9,568,000"
2012,UTAH,"25,000","1,777,000"
2012,VERMONT,"4,000","574,000"
2012,VIRGINIA,"4,000","618,000"
2012,WASHINGTON,"62,000","6,050,000"
2012,WEST VIRGINIA,"6,000","838,000"
2012,WISCONSIN,"60,000","8,487,000"
2012,WYOMING,"50,000","4,769,000"
2011,ALABAMA,"9,000","1,130,000"
2011,ARIZONA,"23,000","1,889,000"
2011,ARKANSAS,"22,000","2,281,000"
2011,CALIFORNIA,"370,000","29,304,000"
2011,COLORADO,"31,000","3,410,000"
2011,FLORIDA,"180,000","18,446,000"
2011,GEORGIA,"65,000","4,612,000"
2011,HAWAII,"9,000","2,431,000"
2011,IDAHO,"87,000","5,575,000"
2011,ILLINOIS,"7,000","1,365,000"
2011,INDIANA,"8,000","873,000"
2011,IOWA,"25,000","3,038,000"
2011,KANSAS,"7,000","662,000"
2011,KENTUCKY,"4,000","495,000"
2011,LOUISIANA,"36,000","4,629,000"
2011,MAINE,"4,000","238,000"
2011,MICHIGAN,"74,000","8,572,000"
2011,MINNESOTA,"120,000","10,367,000"
2011,MISSISSIPPI,"18,000","3,167,000"
2011,MISSOURI,"8,000","736,000"
2011,MONTANA,"145,000","22,678,000"
2011,NEBRASKA,"41,000","4,233,000"
2011,NEW JERSEY,"11,000","1,669,000"
2011,NEW MEXICO,"7,000","662,000"
2011,NEW YORK,"49,000","5,378,000"
2011,NORTH CAROLINA,"14,000","2,456,000"
2011,NORTH DAKOTA,"460,000","54,542,000"
2011,OHIO,"15,000","2,317,000"
2011,OREGON,"60,000","3,427,000"
2011,OTHER STATES,"25,000","3,456,000"
2011,PENNSYLVANIA,"24,000","2,693,000"
2011,SOUTH DAKOTA,"250,000","28,050,000"
2011,TENNESSEE,"7,000","902,000"
2011,TEXAS,"78,000","8,053,000"
2011,UTAH,"23,000","1,570,000"
2011,VERMONT,"4,000","397,000"
2011,VIRGINIA,"4,000","651,000"
2011,WASHINGTON,"71,000","5,207,000"
2011,WEST VIRGINIA,"4,000","545,000"
2011,WISCONSIN,"57,000","6,787,000"
2011,WYOMING,"35,000","3,251,000"
2010,ALABAMA,"9,000","1,166,000"
2010,ARIZONA,"24,000","2,809,000"
2010,ARKANSAS,"25,000","2,205,000"
2010,CALIFORNIA,"410,000","42,579,000"
2010,COLORADO,"34,000","2,894,000"
2010,FLORIDA,"200,000","21,528,000"
2010,GEORGIA,"55,000","4,225,000"
2010,HAWAII,"10,000","2,118,000"
2010,IDAHO,"97,000","4,217,000"
2010,ILLINOIS,"9,000","1,026,000"
2010,INDIANA,"10,000","959,000"
2010,IOWA,"27,000","2,540,000"
2010,KANSAS,"9,000","945,000"
2010,KENTUCKY,"5,000","911,000"
2010,LOUISIANA,"36,000","4,320,000"
2010,MAINE,"5,000","420,000"
2010,MICHIGAN,"71,000","6,877,000"
2010,MINNESOTA,"128,000","13,094,000"
2010,MISSISSIPPI,"16,000","2,258,000"
2010,MISSOURI,"11,000","1,030,000"
2010,MONTANA,"157,000","18,356,000"
2010,NEBRASKA,"41,000","3,405,000"
2010,NEW JERSEY,"13,000","865,000"
2010,NEW MEXICO,"7,000","730,000"
2010,NEW YORK,"45,000","5,645,000"
2010,NORTH CAROLINA,"13,000","1,591,000"
2010,NORTH DAKOTA,"510,000","69,615,000"
2010,OHIO,"18,000","2,544,000"
2010,OREGON,"59,000","3,751,000"
2010,OTHER STATES,"26,000","3,282,000"
2010,PENNSYLVANIA,"30,000","2,364,000"
2010,SOUTH DAKOTA,"265,000","23,209,000"
2010,TENNESSEE,"8,000","1,260,000"
2010,TEXAS,"100,000","10,872,000"
2010,UTAH,"26,000","1,193,000"
2010,VERMONT,"4,000","806,000"
2010,VIRGINIA,"5,000","614,000"
2010,WASHINGTON,"71,000","4,124,000"
2010,WEST VIRGINIA,"5,000","478,000"
2010,WISCONSIN,"64,000","6,881,000"
2010,WYOMING,"34,000","1,946,000"
2009,ALABAMA,"9,000","837,000"
2009,ARIZONA,"20,000","1,508,000"
2009,ARKANSAS,"24,000","1,943,000"
2009,CALIFORNIA,"355,000","16,284,000"
2009,COLORADO,"28,000","2,122,000"
2009,FLORIDA,"170,000","16,415,000"
2009,GEORGIA,"65,000","3,918,000"
2009,HAWAII,"10,000","1,672,000"
2009,IDAHO,"103,000","7,202,000"
2009,ILLINOIS,"8,000","694,000"
2009,INDIANA,"9,000","582,000"
2009,IOWA,"26,000","1,747,000"
2009,KANSAS,"9,000","1,049,000"
2009,KENTUCKY,"5,000","474,000"
2009,LOUISIANA,"37,000","5,183,000"
2009,MAINE,"6,000","585,000"
2009,MICHIGAN,"66,000","6,138,000"
2009,MINNESOTA,"122,000","11,419,000"
2009,MISSISSIPPI,"14,000","1,922,000"
2009,MISSOURI,"11,000","1,029,000"
2009,MONTANA,"146,000","14,921,000"
2009,NEBRASKA,"48,000","3,924,000"
2009,NEW JERSEY,"11,000","831,000"
2009,NEW MEXICO,"7,000","668,000"
2009,NEW YORK,"45,000","5,645,000"
2009,NORTH CAROLINA,"11,000","1,272,000"
2009,NORTH DAKOTA,"450,000","47,817,000"
2009,OHIO,"11,000","1,546,000"
2009,OREGON,"55,000","2,880,000"
2009,OTHER STATES,"26,000","3,195,000"
2009,PENNSYLVANIA,"21,000","1,705,000"
2009,SOUTH DAKOTA,"270,000","25,304,000"
2009,TENNESSEE,"7,000","846,000"
2009,TEXAS,"89,000","7,794,000"
2009,UTAH,"26,000","1,442,000"
2009,VERMONT,"5,000","492,000"
2009,VIRGINIA,"6,000","807,000"
2009,WASHINGTON,"62,000","4,310,000"
2009,WEST VIRGINIA,"5,000","481,000"
2009,WISCONSIN,"63,000","5,972,000"
2009,WYOMING,"37,000","2,540,000"
2008,ALABAMA,"9,000","1,129,000"
2008,ARIZONA,"25,000","2,016,000"
2008,ARKANSAS,"28,000","2,835,000"
2008,CALIFORNIA,"360,000","25,520,000"
2008,COLORADO,"27,000","1,835,000"
2008,FLORIDA,"150,000","15,642,000"
2008,GEORGIA,"65,000","7,015,000"
2008,HAWAII,"10,000","1,431,000"
2008,IDAHO,"90,000","5,256,000"
2008,ILLINOIS,"8,000","1,160,000"
2008,INDIANA,"7,000","788,000"
2008,IOWA,"24,000","2,351,000"
2008,KANSAS,"10,000","946,000"
2008,KENTUCKY,"4,000","381,000"
2008,LOUISIANA,"40,000","4,189,000"
2008,MAINE,"7,000","462,000"
2008,MICHIGAN,"71,000","7,464,000"
2008,MINNESOTA,"122,000","13,227,000"
2008,MISSISSIPPI,"14,000","1,784,000"
2008,MISSOURI,"11,000","979,000"
2008,MONTANA,"134,000","12,851,000"
2008,NEBRASKA,"36,000","3,497,000"
2008,NEVADA,"10,000","412,000"
2008,NEW JERSEY,"9,000","583,000"
2008,NEW MEXICO,"6,000","426,000"
2008,NEW YORK,"50,000","5,775,000"
2008,NORTH CAROLINA,"12,000","1,360,000"
2008,NORTH DAKOTA,"400,000","48,960,000"
2008,OHIO,"14,000","1,247,000"
2008,OREGON,"50,000","3,032,000"
2008,OTHER STATES,"16,000","1,912,000"
2008,PENNSYLVANIA,"23,000","1,822,000"
2008,SOUTH DAKOTA,"225,000","28,643,000"
2008,TENNESSEE,"7,000","892,000"
2008,TEXAS,"77,000","6,604,000"
2008,UTAH,"28,000","2,110,000"
2008,VERMONT,"5,000","726,000"
2008,VIRGINIA,"6,000","610,000"
2008,WASHINGTON,"49,000","3,256,000"
2008,WEST VIRGINIA,"6,000","557,000"
2008,WISCONSIN,"58,000","6,960,000"
2008,WYOMING,"39,000","3,259,000"
2007,ALABAMA,"11,000","918,000"
2007,ARIZONA,"30,000","2,419,000"
2007,ARKANSAS,"28,000","2,128,000"
2007,CALIFORNIA,"340,000","14,144,000"
2007,COLORADO,"31,000","1,818,000"
2007,FLORIDA,"160,000","11,246,000"
2007,GEORGIA,"60,000","4,141,000"
2007,HAWAII,"10,000","1,564,000"
2007,IDAHO,"92,000","4,338,000"
2007,ILLINOIS,"9,000","1,412,000"
2007,INDIANA,"8,000","636,000"
2007,IOWA,"26,000","2,759,000"
2007,KANSAS,"14,000","661,000"
2007,KENTUCKY,"4,000","517,000"
2007,LOUISIANA,"29,000","2,787,000"
2007,MAINE,"9,000","309,000"
2007,MICHIGAN,"72,000","5,484,000"
2007,MINNESOTA,"130,000","9,194,000"
2007,MISSISSIPPI,"15,000","1,256,000"
2007,MISSOURI,"14,000","721,000"
2007,MONTANA,"135,000","9,088,000"
2007,NEBRASKA,"45,000","2,271,000"
2007,NEVADA,"10,000","837,000"
2007,NEW JERSEY,"9,000","1,005,000"
2007,NEW MEXICO,"6,000","503,000"
2007,NEW YORK,"53,000","4,169,000"
2007,NORTH CAROLINA,"12,000","1,345,000"
2007,NORTH DAKOTA,"420,000","29,837,000"
2007,OHIO,"14,000","1,512,000"
2007,OREGON,"46,000","2,591,000"
2007,OTHER STATES,"15,000","1,915,000"
2007,PENNSYLVANIA,"25,000","1,785,000"
2007,SOUTH DAKOTA,"255,000","13,525,000"
2007,TENNESSEE,"7,000","905,000"
2007,TEXAS,"105,000","8,266,000"
2007,UTAH,"28,000","1,329,000"
2007,VERMONT,"5,000","544,000"
2007,VIRGINIA,"6,000","671,000"
2007,WASHINGTON,"46,000","2,530,000"
2007,WEST VIRGINIA,"6,000","602,000"
2007,WISCONSIN,"60,000","6,149,000"
2007,WYOMING,"43,000","3,440,000"
2006,ALABAMA,"11,000","958,000"
2006,ARIZONA,"30,000","1,775,000"
2006,ARKANSAS,"32,000","2,164,000"
2006,CALIFORNIA,"380,000","19,167,000"
2006,COLORADO,"36,000","2,808,000"
2006,FLORIDA,"170,000","13,770,000"
2006,GEORGIA,"63,000","5,594,000"
2006,HAWAII,"10,000","1,125,000"
2006,IDAHO,"95,000","4,055,000"
2006,ILLINOIS,"10,000","1,412,000"
2006,INDIANA,"7,000","597,000"
2006,IOWA,"26,000","2,992,000"
2006,KANSAS,"14,000","901,000"
2006,KENTUCKY,"5,000","613,000"
2006,LOUISIANA,"30,000","2,430,000"
2006,MAINE,"11,000","405,000"
2006,MICHIGAN,"72,000","4,554,000"
2006,MINNESOTA,"125,000","9,400,000"
2006,MISSISSIPPI,"14,000","1,276,000"
2006,MISSOURI,"15,000","676,000"
2006,MONTANA,"132,000","9,907,000"
2006,NEBRASKA,"47,000","3,191,000"
2006,NEVADA,"9,000","1,205,000"
2006,NEW JERSEY,"9,000","369,000"
2006,NEW MEXICO,"7,000","400,000"
2006,NEW YORK,"58,000","4,826,000"
2006,NORTH CAROLINA,"10,000","785,000"
2006,NORTH DAKOTA,"350,000","23,569,000"
2006,OHIO,"14,000","1,098,000"
2006,OREGON,"46,000","2,318,000"
2006,OTHER STATES,"16,000","1,599,000"
2006,PENNSYLVANIA,"28,000","1,826,000"
2006,SOUTH DAKOTA,"225,000","9,941,000"
2006,TENNESSEE,"7,000","708,000"
2006,TEXAS,"82,000","5,109,000"
2006,UTAH,"26,000","1,274,000"
2006,VERMONT,"6,000","403,000"
2006,VIRGINIA,"8,000","739,000"
2006,WASHINGTON,"49,000","3,160,000"
2006,WEST VIRGINIA,"6,000","509,000"
2006,WISCONSIN,"64,000","6,666,000"
2006,WYOMING,"39,000","3,249,000"
2005,ALABAMA,"13,000","875,000"
2005,ARIZONA,"36,000","1,872,000"
2005,ARKANSAS,"36,000","2,409,000"
2005,CALIFORNIA,"400,000","25,800,000"
2005,COLORADO,"28,000","1,901,000"
2005,FLORIDA,"160,000","11,971,000"
2005,GEORGIA,"59,000","2,573,000"
2005,HAWAII,"9,000","1,686,000"
2005,IDAHO,"95,000","2,812,000"
2005,ILLINOIS,"8,000","1,251,000"
2005,INDIANA,"8,000","604,000"
2005,IOWA,"28,000","2,981,000"
2005,KANSAS,"16,000","840,000"
2005,KENTUCKY,"5,000","520,000"
2005,LOUISIANA,"35,000","2,444,000"
2005,MAINE,"8,000","345,000"
2005,MICHIGAN,"65,000","4,155,000"
2005,MINNESOTA,"120,000","7,992,000"
2005,MISSISSIPPI,"16,000","858,000"
2005,MISSOURI,"15,000","915,000"
2005,MONTANA,"130,000","7,491,000"
2005,NEBRASKA,"40,000","2,366,000"
2005,NEVADA,"12,000","1,717,000"
2005,NEW JERSEY,"12,000","461,000"
2005,NEW MEXICO,"7,000","353,000"
2005,NEW YORK,"59,000","5,771,000"
2005,NORTH CAROLINA,"10,000","1,015,000"
2005,NORTH DAKOTA,"370,000","27,946,000"
2005,OHIO,"15,000","1,449,000"
2005,OREGON,"39,000","1,769,000"
2005,OTHER STATES,"15,000","1,554,000"
2005,PENNSYLVANIA,"28,000","1,756,000"
2005,SOUTH DAKOTA,"220,000","14,425,000"
2005,TENNESSEE,"7,000","643,000"
2005,TEXAS,"84,000","5,129,000"
2005,UTAH,"24,000","1,026,000"
2005,VERMONT,"6,000","612,000"
2005,VIRGINIA,"8,000","651,000"
2005,WASHINGTON,"51,000","2,833,000"
2005,WEST VIRGINIA,"8,000","526,000"
2005,WISCONSIN,"64,000","6,056,000"
2005,WYOMING,"40,000","1,994,000"
2004,ALABAMA,"12,000","1,472,000"
2004,ARIZONA,"32,000","1,954,000"
2004,ARKANSAS,"40,000","1,984,000"
2004,CALIFORNIA,"390,000","18,428,000"
2004,COLORADO,"23,000","2,484,000"
2004,FLORIDA,"205,000","20,492,000"
2004,GEORGIA,"63,000","3,704,000"
2004,HAWAII,"8,000","1,221,000"
2004,IDAHO,"100,000","6,426,000"
2004,ILLINOIS,"7,000","716,000"
2004,INDIANA,"7,000","607,000"
2004,IOWA,"35,000","2,486,000"
2004,KANSAS,"14,000","1,322,000"
2004,KENTUCKY,"5,000","549,000"
2004,LOUISIANA,"35,000","2,710,000"
2004,MAINE,"7,000","278,000"
2004,MICHIGAN,"65,000","5,052,000"
2004,MINNESOTA,"135,000","10,935,000"
2004,MISSISSIPPI,"18,000","924,000"
2004,MISSOURI,"16,000","892,000"
2004,MONTANA,"140,000","11,642,000"
2004,NEBRASKA,"51,000","4,584,000"
2004,NEVADA,"14,000","1,371,000"
2004,NEW JERSEY,"12,000","454,000"
2004,NEW MEXICO,"8,000","419,000"
2004,NEW YORK,"64,000","5,832,000"
2004,NORTH CAROLINA,"9,000","695,000"
2004,NORTH DAKOTA,"390,000","31,941,000"
2004,OHIO,"16,000","1,420,000"
2004,OREGON,"42,000","2,744,000"
2004,OTHER STATES,"15,000","1,851,000"
2004,PENNSYLVANIA,"30,000","2,300,000"
2004,SOUTH DAKOTA,"215,000","22,801,000"
2004,TENNESSEE,"6,000","561,000"
2004,TEXAS,"116,000","8,552,000"
2004,UTAH,"24,000","1,848,000"
2004,VERMONT,"6,000","616,000"
2004,VIRGINIA,"7,000","559,000"
2004,WASHINGTON,"56,000","3,457,000"
2004,WEST VIRGINIA,"9,000","698,000"
2004,WISCONSIN,"68,000","6,959,000"
2004,WYOMING,"39,000","3,218,000"
2003,ALABAMA,"13,000","1,322,000"
2003,ARIZONA,"35,000","3,377,000"
2003,ARKANSAS,"40,000","3,780,000"
2003,CALIFORNIA,"480,000","44,702,000"
2003,COLORADO,"24,000","2,890,000"
2003,FLORIDA,"210,000","19,681,000"
2003,GEORGIA,"52,000","4,326,000"
2003,HAWAII,"7,000","1,157,000"
2003,IDAHO,"100,000","6,118,000"
2003,ILLINOIS,"7,000","769,000"
2003,INDIANA,"5,000","465,000"
2003,IOWA,"32,000","2,681,000"
2003,KANSAS,"16,000","1,286,000"
2003,KENTUCKY,"5,000","401,000"
2003,LOUISIANA,"34,000","3,794,000"
2003,MAINE,"8,000","372,000"
2003,MARYLAND,"2,000","162,000"
2003,MICHIGAN,"65,000","6,782,000"
2003,MINNESOTA,"120,000","14,342,000"
2003,MISSISSIPPI,"21,000","1,869,000"
2003,MISSOURI,"17,000","1,270,000"
2003,MONTANA,"145,000","13,781,000"
2003,NEBRASKA,"45,000","4,595,000"
2003,NEVADA,"6,000","783,000"
2003,NEW JERSEY,"10,000","304,000"
2003,NEW MEXICO,"6,000","295,000"
2003,NEW YORK,"67,000","6,561,000"
2003,NORTH CAROLINA,"10,000","845,000"
2003,NORTH DAKOTA,"340,000","40,229,000"
2003,OHIO,"15,000","1,050,000"
2003,OKLAHOMA,"3,000","259,000"
2003,OREGON,"42,000","2,720,000"
2003,OTHER STATES,"8,000","1,017,000"
2003,PENNSYLVANIA,"27,000","1,944,000"
2003,SOUTH CAROLINA,"4,000","529,000"
2003,SOUTH DAKOTA,"215,000","21,522,000"
2003,TENNESSEE,"6,000","365,000"
2003,TEXAS,"140,000","13,132,000"
2003,UTAH,"25,000","1,824,000"
2003,VERMONT,"7,000","1,139,000"
2003,VIRGINIA,"6,000","373,000"
2003,WASHINGTON,"58,000","4,742,000"
2003,WEST VIRGINIA,"8,000","711,000"
2003,WISCONSIN,"74,000","8,376,000"
2003,WYOMING,"39,000","4,454,000"
2002,ALABAMA,"12,000","1,218,000"
2002,ARIZONA,"38,000","2,586,000"
2002,ARKANSAS,"45,000","4,990,000"
2002,CALIFORNIA,"470,000","31,020,000"
2002,COLORADO,"24,000","1,858,000"
2002,FLORIDA,"220,000","23,324,000"
2002,GEORGIA,"50,000","2,938,000"
2002,HAWAII,"7,000","1,057,000"
2002,IDAHO,"100,000","7,809,000"
2002,ILLINOIS,"9,000","1,058,000"
2002,INDIANA,"8,000","590,000"
2002,IOWA,"33,000","3,303,000"
2002,KANSAS,"17,000","1,326,000"
2002,KENTUCKY,"5,000","440,000"
2002,LOUISIANA,"35,000","5,034,000"
2002,MAINE,"11,000","546,000"
2002,MARYLAND,"3,000","270,000"
2002,MICHIGAN,"72,000","7,762,000"
2002,MINNESOTA,"117,000","12,555,000"
2002,MISSISSIPPI,"18,000","1,727,000"
2002,MISSOURI,"18,000","1,278,000"
2002,MONTANA,"134,000","11,650,000"
2002,NEBRASKA,"43,000","4,805,000"
2002,NEVADA,"9,000","1,490,000"
2002,NEW JERSEY,"11,000","440,000"
2002,NEW MEXICO,"11,000","532,000"
2002,NEW YORK,"60,000","7,350,000"
2002,NORTH CAROLINA,"16,000","948,000"
2002,NORTH DAKOTA,"320,000","35,040,000"
2002,OHIO,"18,000","1,814,000"
2002,OKLAHOMA,"3,000","259,000"
2002,OREGON,"43,000","2,844,000"
2002,OTHER STATES,"9,000","1,036,000"
2002,PENNSYLVANIA,"29,000","2,215,000"
2002,SOUTH CAROLINA,"5,000","588,000"
2002,SOUTH DAKOTA,"225,000","16,295,000"
2002,TENNESSEE,"8,000","683,000"
2002,TEXAS,"114,000","8,707,000"
2002,UTAH,"22,000","1,687,000"
2002,VERMONT,"7,000","748,000"
2002,VIRGINIA,"8,000","578,000"
2002,WASHINGTON,"50,000","3,239,000"
2002,WEST VIRGINIA,"9,000","606,000"
2002,WISCONSIN,"70,000","8,911,000"
2002,WYOMING,"38,000","3,184,000"
2001,ALABAMA,"14,000","736,000"
2001,ARIZONA,"43,000","1,827,000"
2001,ARKANSAS,"50,000","3,185,000"
2001,CALIFORNIA,"460,000","19,361,000"
2001,COLORADO,"26,000","1,015,000"
2001,FLORIDA,"220,000","14,080,000"
2001,GEORGIA,"55,000","2,195,000"
2001,HAWAII,"8,000","606,000"
2001,IDAHO,"100,000","3,082,000"
2001,ILLINOIS,"6,000","720,000"
2001,INDIANA,"7,000","489,000"
2001,IOWA,"33,000","1,262,000"
2001,KANSAS,"13,000","636,000"
2001,KENTUCKY,"4,000","440,000"
2001,LOUISIANA,"45,000","2,862,000"
2001,MAINE,"11,000","174,000"
2001,MARYLAND,"4,000","294,000"
2001,MICHIGAN,"76,000","3,694,000"
2001,MINNESOTA,"135,000","7,108,000"
2001,MISSISSIPPI,"17,000","999,000"
2001,MISSOURI,"22,000","953,000"
2001,MONTANA,"136,000","9,294,000"
2001,NEBRASKA,"43,000","1,486,000"
2001,NEVADA,"9,000","963,000"
2001,NEW JERSEY,"11,000","318,000"
2001,NEW MEXICO,"10,000","462,000"
2001,NEW YORK,"53,000","2,931,000"
2001,NORTH CAROLINA,"13,000","847,000"
2001,NORTH DAKOTA,"280,000","18,547,000"
2001,OHIO,"18,000","1,473,000"
2001,OKLAHOMA,"4,000","269,000"
2001,OREGON,"44,000","1,433,000"
2001,OTHER STATES,"8,000","707,000"
2001,PENNSYLVANIA,"26,000","1,363,000"
2001,SOUTH CAROLINA,"7,000","221,000"
2001,SOUTH DAKOTA,"235,000","10,845,000"
2001,TENNESSEE,"8,000","656,000"
2001,TEXAS,"97,000","4,981,000"
2001,UTAH,"23,000","568,000"
2001,VERMONT,"7,000","522,000"
2001,VIRGINIA,"9,000","590,000"
2001,WASHINGTON,"48,000","1,797,000"
2001,WEST VIRGINIA,"7,000","646,000"
2001,WISCONSIN,"67,000","4,450,000"
2001,WYOMING,"38,000","1,902,000"
2000,ALABAMA,"16,000","736,000"
2000,ARIZONA,"40,000","1,723,000"
2000,ARKANSAS,"52,000","2,757,000"
2000,CALIFORNIA,"440,000","18,172,000"
2000,COLORADO,"29,000","1,079,000"
2000,FLORIDA,"232,000","13,154,000"
2000,GEORGIA,"55,000","1,975,000"
2000,HAWAII,"7,000","643,000"
2000,IDAHO,"100,000","2,444,000"
2000,ILLINOIS,"8,000","571,000"
2000,INDIANA,"8,000","536,000"
2000,IOWA,"30,000","1,367,000"
2000,KANSAS,"15,000","928,000"
2000,KENTUCKY,"4,000","259,000"
2000,LOUISIANA,"43,000","2,102,000"
2000,MAINE,"11,000","173,000"
2000,MARYLAND,"6,000","315,000"
2000,MICHIGAN,"72,000","3,240,000"
2000,MINNESOTA,"150,000","7,695,000"
2000,MISSISSIPPI,"17,000","845,000"
2000,MISSOURI,"23,000","1,035,000"
2000,MONTANA,"124,000","6,438,000"
2000,NEBRASKA,"50,000","2,567,000"
2000,NEVADA,"10,000","508,000"
2000,NEW JERSEY,"11,000","235,000"
2000,NEW MEXICO,"15,000","691,000"
2000,NEW YORK,"58,000","2,552,000"
2000,NORTH CAROLINA,"11,000","771,000"
2000,NORTH DAKOTA,"300,000","19,665,000"
2000,OHIO,"18,000","924,000"
2000,OKLAHOMA,"7,000","309,000"
2000,OREGON,"48,000","1,616,000"
2000,OTHER STATES,"18,000","1,297,000"
2000,PENNSYLVANIA,"25,000","855,000"
2000,SOUTH DAKOTA,"235,000","16,492,000"
2000,TENNESSEE,"9,000","785,000"
2000,TEXAS,"105,000","4,728,000"
2000,UTAH,"24,000","590,000"
2000,VERMONT,"7,000","281,000"
2000,VIRGINIA,"7,000","441,000"
2000,WASHINGTON,"52,000","1,629,000"
2000,WEST VIRGINIA,"7,000","461,000"
2000,WISCONSIN,"84,000","5,141,000"
2000,WYOMING,"39,000","2,140,000"
1999,ALABAMA,"17,000","647,000"
1999,ARIZONA,"52,000","1,999,000"
1999,ARKANSAS,"52,000","2,453,000"
1999,CALIFORNIA,"465,000","15,345,000"
1999,COLORADO,"27,000","1,395,000"
1999,FLORIDA,"228,000","12,326,000"
1999,GEORGIA,"65,000","2,122,000"
1999,HAWAII,"8,000","512,000"
1999,IDAHO,"120,000","3,398,000"
1999,ILLINOIS,"9,000","683,000"
1999,INDIANA,"10,000","729,000"
1999,IOWA,"40,000","1,690,000"
1999,KANSAS,"13,000","967,000"
1999,KENTUCKY,"3,000","186,000"
1999,LOUISIANA,"48,000","2,681,000"
1999,MAINE,"14,000","256,000"
1999,MARYLAND,"6,000","453,000"
1999,MICHIGAN,"73,000","4,095,000"
1999,MINNESOTA,"145,000","7,253,000"
1999,MISSISSIPPI,"18,000","710,000"
1999,MISSOURI,"24,000","1,061,000"
1999,MONTANA,"122,000","5,124,000"
1999,NEBRASKA,"58,000","2,724,000"
1999,NEVADA,"9,000","624,000"
1999,NEW JERSEY,"10,000","251,000"
1999,NEW MEXICO,"15,000","601,000"
1999,NEW YORK,"69,000","3,188,000"
1999,NORTH CAROLINA,"9,000","671,000"
1999,NORTH DAKOTA,"255,000","15,797,000"
1999,OHIO,"20,000","1,066,000"
1999,OKLAHOMA,"6,000","362,000"
1999,OREGON,"45,000","2,052,000"
1999,OTHER STATES,"15,000","1,347,000"
1999,PENNSYLVANIA,"28,000","1,277,000"
1999,SOUTH DAKOTA,"224,000","13,978,000"
1999,TENNESSEE,"8,000","530,000"
1999,TEXAS,"108,000","5,599,000"
1999,UTAH,"26,000","796,000"
1999,VERMONT,"6,000","249,000"
1999,VIRGINIA,"7,000","287,000"
1999,WASHINGTON,"52,000","1,560,000"
1999,WEST VIRGINIA,"6,000","255,000"
1999,WISCONSIN,"80,000","4,080,000"
1999,WYOMING,"37,000","1,625,000"
1998,ALABAMA,"16,000","818,000"
1998,ARIZONA,"55,000","2,112,000"
1998,ARKANSAS,"53,000","2,033,000"
1998,CALIFORNIA,"450,000","23,157,000"
1998,COLORADO,"27,000","1,361,000"
1998,FLORIDA,"230,000","14,426,000"
1998,GEORGIA,"75,000","2,898,000"
1998,HAWAII,"8,000","727,000"
1998,IDAHO,"120,000","3,900,000"
1998,ILLINOIS,"9,000","760,000"
1998,INDIANA,"9,000","704,000"
1998,IOWA,"50,000","2,730,000"
1998,KANSAS,"16,000","640,000"
1998,KENTUCKY,"3,000","210,000"
1998,LOUISIANA,"41,000","2,685,000"
1998,MAINE,"10,000","179,000"
1998,MARYLAND,"7,000","339,000"
1998,MICHIGAN,"80,000","4,488,000"
1998,MINNESOTA,"140,000","7,189,000"
1998,MISSISSIPPI,"18,000","898,000"
1998,MISSOURI,"23,000","1,154,000"
1998,MONTANA,"115,000","8,979,000"
1998,NEBRASKA,"64,000","3,853,000"
1998,NEVADA,"10,000","759,000"
1998,NEW JERSEY,"11,000","410,000"
1998,NEW MEXICO,"14,000","585,000"
1998,NEW YORK,"65,000","3,640,000"
1998,NORTH CAROLINA,"8,000","651,000"
1998,NORTH DAKOTA,"230,000","18,547,000"
1998,OHIO,"18,000","1,165,000"
1998,OKLAHOMA,"4,000","253,000"
1998,OREGON,"50,000","2,025,000"
1998,OTHER STATES,"16,000","1,377,000"
1998,PENNSYLVANIA,"26,000","1,373,000"
1998,SOUTH DAKOTA,"225,000","13,680,000"
1998,TENNESSEE,"7,000","591,000"
1998,TEXAS,"91,000","4,344,000"
1998,UTAH,"30,000","1,131,000"
1998,VERMONT,"6,000","326,000"
1998,VIRGINIA,"8,000","394,000"
1998,WASHINGTON,"58,000","1,893,000"
1998,WEST VIRGINIA,"6,000","376,000"
1998,WISCONSIN,"89,000","5,831,000"
1998,WYOMING,"46,000","1,877,000"
1997,ALABAMA,"14,000","748,000"
1997,ARIZONA,"42,000","2,419,000"
1997,ARKANSAS,"50,000","3,325,000"
1997,CALIFORNIA,"420,000","22,050,000"
1997,COLORADO,"35,000","1,579,000"
1997,FLORIDA,"240,000","11,738,000"
1997,GEORGIA,"75,000","2,726,000"
1997,HAWAII,"9,000","1,130,000"
1997,IDAHO,"120,000","5,530,000"
1997,ILLINOIS,"7,000","613,000"
1997,INDIANA,"8,000","642,000"
1997,IOWA,"45,000","2,864,000"
1997,KANSAS,"17,000","978,000"
1997,KENTUCKY,"3,000","266,000"
1997,LOUISIANA,"44,000","3,542,000"
1997,MAINE,"8,000","106,000"
1997,MARYLAND,"6,000","382,000"
1997,MICHIGAN,"85,000","4,582,000"
1997,MINNESOTA,"145,000","7,833,000"
1997,MISSISSIPPI,"19,000","1,013,000"
1997,MISSOURI,"24,000","1,441,000"
1997,MONTANA,"107,000","9,502,000"
1997,NEBRASKA,"61,000","3,147,000"
1997,NEVADA,"14,000","974,000"
1997,NEW JERSEY,"10,000","510,000"
1997,NEW MEXICO,"15,000","783,000"
1997,NEW YORK,"72,000","3,672,000"
1997,NORTH CAROLINA,"8,000","552,000"
1997,NORTH DAKOTA,"245,000","18,130,000"
1997,OHIO,"22,000","1,496,000"
1997,OKLAHOMA,"4,000","318,000"
1997,OREGON,"50,000","2,094,000"
1997,OTHER STATES,"14,000","1,644,000"
1997,PENNSYLVANIA,"22,000","1,056,000"
1997,SOUTH DAKOTA,"240,000","11,544,000"
1997,TENNESSEE,"7,000","638,000"
1997,TEXAS,"94,000","7,473,000"
1997,UTAH,"32,000","1,248,000"
1997,VERMONT,"5,000","261,000"
1997,VIRGINIA,"8,000","615,000"
1997,WASHINGTON,"60,000","2,371,000"
1997,WEST VIRGINIA,"8,000","622,000"
1997,WISCONSIN,"79,000","4,266,000"
1997,WYOMING,"38,000","1,767,000"
1996,ALABAMA,"15,000","835,000"
1996,ARIZONA,"32,000","1,632,000"
1996,ARKANSAS,"50,000","3,570,000"
1996,CALIFORNIA,"390,000","22,932,000"
1996,COLORADO,"30,000","1,887,000"
1996,FLORIDA,"240,000","21,672,000"
1996,GEORGIA,"75,000","4,488,000"
1996,HAWAII,"8,000","1,004,000"
1996,IDAHO,"110,000","4,356,000"
1996,ILLINOIS,"11,000","1,099,000"
1996,INDIANA,"9,000","695,000"
1996,IOWA,"52,000","3,310,000"
1996,KANSAS,"16,000","767,000"
1996,KENTUCKY,"3,000","230,000"
1996,LOUISIANA,"44,000","3,871,000"
1996,MAINE,"9,000","219,000"
1996,MARYLAND,"7,000","271,000"
1996,MICHIGAN,"90,000","8,726,000"
1996,MINNESOTA,"150,000","10,395,000"
1996,MISSISSIPPI,"17,000","1,183,000"
1996,MISSOURI,"22,000","1,498,000"
1996,MONTANA,"117,000","6,178,000"
1996,NEBRASKA,"65,000","4,485,000"
1996,NEVADA,"14,000","897,000"
1996,NEW JERSEY,"7,000","258,000"
1996,NEW MEXICO,"15,000","1,051,000"
1996,NEW YORK,"68,000","4,842,000"
1996,NORTH CAROLINA,"12,000","549,000"
1996,NORTH DAKOTA,"230,000","17,802,000"
1996,OHIO,"24,000","1,613,000"
1996,OKLAHOMA,"4,000","257,000"
1996,OREGON,"55,000","3,018,000"
1996,OTHER STATES,"7,000","354,000"
1996,PENNSYLVANIA,"23,000","1,079,000"
1996,SOUTH CAROLINA,"9,000","940,000"
1996,SOUTH DAKOTA,"240,000","20,952,000"
1996,TENNESSEE,"5,000","493,000"
1996,TEXAS,"82,000","5,785,000"
1996,UTAH,"34,000","1,329,000"
1996,VERMONT,"4,000","335,000"
1996,VIRGINIA,"7,000","518,000"
1996,WASHINGTON,"60,000","3,132,000"
1996,WEST VIRGINIA,"10,000","938,000"
1996,WISCONSIN,"69,000","4,844,000"
1996,WYOMING,"40,000","2,628,000"
1995,ALABAMA,"16,000","640,000"
1995,ARIZONA,"52,000","2,670,000"
1995,ARKANSAS,"55,000","2,343,000"
1995,CALIFORNIA,"420,000","24,608,000"
1995,COLORADO,"45,000","1,971,000"
1995,FLORIDA,"230,000","12,659,000"
1995,GEORGIA,"70,000","3,081,000"
1995,HAWAII,"8,000","578,000"
1995,IDAHO,"125,000","4,140,000"
1995,ILLINOIS,"11,000","920,000"
1995,INDIANA,"12,000","544,000"
1995,IOWA,"45,000","2,356,000"
1995,KANSAS,"17,000","1,014,000"
1995,KENTUCKY,"3,000","135,000"
1995,LOUISIANA,"38,000","2,849,000"
1995,MAINE,"11,000","480,000"
1995,MARYLAND,"7,000","252,000"
1995,MICHIGAN,"97,000","6,961,000"
1995,MINNESOTA,"165,000","9,471,000"
1995,MISSISSIPPI,"16,000","762,000"
1995,MISSOURI,"23,000","1,125,000"
1995,MONTANA,"106,000","6,106,000"
1995,NEBRASKA,"60,000","3,197,000"
1995,NEVADA,"10,000","261,000"
1995,NEW JERSEY,"10,000","262,000"
1995,NEW MEXICO,"19,000","1,025,000"
1995,NEW YORK,"70,000","3,728,000"
1995,NORTH CAROLINA,"12,000","524,000"
1995,NORTH DAKOTA,"220,000","15,919,000"
1995,OHIO,"25,000","1,147,000"
1995,OKLAHOMA,"4,000","283,000"
1995,OREGON,"52,000","2,109,000"
1995,OTHER STATES,"8,000","414,000"
1995,PENNSYLVANIA,"25,000","785,000"
1995,SOUTH CAROLINA,"9,000","1,021,000"
1995,SOUTH DAKOTA,"240,000","14,484,000"
1995,TENNESSEE,"5,000","310,000"
1995,TEXAS,"84,000","5,966,000"
1995,UTAH,"32,000","686,000"
1995,VERMONT,"5,000","288,000"
1995,VIRGINIA,"9,000","271,000"
1995,WASHINGTON,"60,000","2,018,000"
1995,WEST VIRGINIA,"13,000","629,000"
1995,WISCONSIN,"73,000","4,037,000"
1995,WYOMING,"38,000","999,000"
1994,ALABAMA,"18,000","468,000"
1994,ARIZONA,"53,000","1,595,000"
1994,ARKANSAS,"55,000","1,992,000"
1994,CALIFORNIA,"400,000","12,240,000"
1994,COLORADO,"45,000","1,915,000"
1994,FLORIDA,"230,000","9,080,000"
1994,GEORGIA,"80,000","2,873,000"
1994,HAWAII,"9,000","432,000"
1994,IDAHO,"127,000","3,896,000"
1994,ILLINOIS,"13,000","1,082,000"
1994,INDIANA,"13,000","498,000"
1994,IOWA,"52,000","2,231,000"
1994,KANSAS,"19,000","643,000"
1994,KENTUCKY,"3,000","159,000"
1994,LOUISIANA,"40,000","1,803,000"
1994,MAINE,"8,000","264,000"
1994,MARYLAND,"7,000","272,000"
1994,MICHIGAN,"90,000","4,257,000"
1994,MINNESOTA,"170,000","6,984,000"
1994,MISSISSIPPI,"19,000","483,000"
1994,MISSOURI,"25,000","1,020,000"
1994,MONTANA,"119,000","6,497,000"
1994,NEBRASKA,"72,000","2,218,000"
1994,NEVADA,"14,000","816,000"
1994,NEW JERSEY,"11,000","229,000"
1994,NEW MEXICO,"19,000","572,000"
1994,NEW YORK,"68,000","2,913,000"
1994,NORTH CAROLINA,"15,000","841,000"
1994,NORTH DAKOTA,"235,000","15,566,000"
1994,OHIO,"27,000","1,106,000"
1994,OKLAHOMA,"5,000","270,000"
1994,OREGON,"50,000","1,690,000"
1994,OTHER STATES,"6,000","255,000"
1994,PENNSYLVANIA,"27,000","761,000"
1994,SOUTH CAROLINA,"10,000","820,000"
1994,SOUTH DAKOTA,"260,000","13,520,000"
1994,TENNESSEE,"6,000","300,000"
1994,TEXAS,"103,000","3,811,000"
1994,UTAH,"43,000","1,345,000"
1994,VERMONT,"5,000","335,000"
1994,VIRGINIA,"11,000","372,000"
1994,WASHINGTON,"60,000","2,009,000"
1994,WEST VIRGINIA,"20,000","1,038,000"
1994,WISCONSIN,"75,000","3,195,000"
1994,WYOMING,"46,000","1,841,000"
1993,ALABAMA,"19,000","504,000"
1993,ARIZONA,"55,000","2,202,000"
1993,ARKANSAS,"50,000","1,825,000"
1993,CALIFORNIA,"500,000","22,500,000"
1993,COLORADO,"53,000","2,244,000"
1993,FLORIDA,"200,000","11,300,000"
1993,GEORGIA,"80,000","2,733,000"
1993,HAWAII,"9,000","828,000"
1993,IDAHO,"133,000","4,910,000"
1993,ILLINOIS,"15,000","691,000"
1993,INDIANA,"12,000","554,000"
1993,IOWA,"56,000","1,537,000"
1993,KANSAS,"23,000","734,000"
1993,KENTUCKY,"4,000","202,000"
1993,LOUISIANA,"47,000","2,102,000"
1993,MAINE,"13,000","442,000"
1993,MARYLAND,"7,000","278,000"
1993,MICHIGAN,"90,000","3,950,000"
1993,MINNESOTA,"180,000","7,632,000"
1993,MISSISSIPPI,"17,000","508,000"
1993,MISSOURI,"24,000","1,034,000"
1993,MONTANA,"95,000","5,027,000"
1993,NEBRASKA,"83,000","3,079,000"
1993,NEVADA,"14,000","692,000"
1993,NEW JERSEY,"11,000","268,000"
1993,NEW MEXICO,"18,000","783,000"
1993,NEW YORK,"65,000","2,539,000"
1993,NORTH CAROLINA,"15,000","716,000"
1993,NORTH DAKOTA,"220,000","10,296,000"
1993,OHIO,"30,000","1,307,000"
1993,OKLAHOMA,"6,000","326,000"
1993,OREGON,"53,000","1,989,000"
1993,OTHER STATES,"9,000","443,000"
1993,PENNSYLVANIA,"28,000","717,000"
1993,SOUTH CAROLINA,"11,000","594,000"
1993,SOUTH DAKOTA,"245,000","12,485,000"
1993,TENNESSEE,"8,000","379,000"
1993,TEXAS,"105,000","4,391,000"
1993,UTAH,"42,000","1,224,000"
1993,VERMONT,"6,000","330,000"
1993,VIRGINIA,"10,000","437,000"
1993,WASHINGTON,"60,000","1,647,000"
1993,WEST VIRGINIA,"20,000","821,000"
1993,WISCONSIN,"100,000","4,838,000"
1993,WYOMING,"34,000","991,000"
1992,ALABAMA,"25,000","605,000"
1992,ARIZONA,"70,000","2,079,000"
1992,ARKANSAS,"45,000","1,521,000"
1992,CALIFORNIA,"490,000","17,072,000"
1992,COLORADO,"52,000","2,270,000"
1992,FLORIDA,"220,000","12,126,000"
1992,GEORGIA,"85,000","3,086,000"
1992,HAWAII,"9,000","671,000"
1992,IDAHO,"135,000","3,580,000"
1992,ILLINOIS,"16,000","746,000"
1992,INDIANA,"15,000","335,000"
1992,IOWA,"65,000","2,297,000"
1992,KANSAS,"28,000","958,000"
1992,KENTUCKY,"4,000","89,000"
1992,LOUISIANA,"45,000","2,456,000"
1992,MAINE,"15,000","254,000"
1992,MARYLAND,"6,000","137,000"
1992,MICHIGAN,"95,000","3,811,000"
1992,MINNESOTA,"190,000","9,234,000"
1992,MISSISSIPPI,"25,000","829,000"
1992,MISSOURI,"25,000","1,186,000"
1992,MONTANA,"87,000","5,264,000"
1992,NEBRASKA,"96,000","3,816,000"
1992,NEVADA,"15,000","829,000"
1992,NEW JERSEY,"8,000","160,000"
1992,NEW MEXICO,"18,000","747,000"
1992,NEW YORK,"70,000","2,818,000"
1992,NORTH CAROLINA,"15,000","533,000"
1992,NORTH DAKOTA,"240,000","11,575,000"
1992,OHIO,"38,000","752,000"
1992,OKLAHOMA,"9,000","346,000"
1992,OREGON,"52,000","1,478,000"
1992,OTHER STATES,"9,000","232,000"
1992,PENNSYLVANIA,"30,000","873,000"
1992,SOUTH CAROLINA,"11,000","592,000"
1992,SOUTH DAKOTA,"240,000","10,812,000"
1992,TENNESSEE,"7,000","223,000"
1992,TEXAS,"125,000","5,525,000"
1992,UTAH,"47,000","1,527,000"
1992,VERMONT,"6,000","284,000"
1992,VIRGINIA,"13,000","351,000"
1992,WASHINGTON,"80,000","2,042,000"
1992,WEST VIRGINIA,"23,000","1,075,000"
1992,WISCONSIN,"105,000","4,019,000"
1992,WYOMING,"41,000","1,550,000"
1991,ALABAMA,"23,000","348,000"
1991,ARIZONA,"75,000","1,988,000"
1991,ARKANSAS,"47,000","2,005,000"
1991,CALIFORNIA,"550,000","18,711,000"
1991,COLORADO,"50,000","2,489,000"
1991,FLORIDA,"225,000","9,898,000"
1991,GEORGIA,"102,000","2,699,000"
1991,HAWAII,"10,000","747,000"
1991,IDAHO,"140,000","3,478,000"
1991,ILLINOIS,"21,000","863,000"
1991,INDIANA,"21,000","714,000"
1991,IOWA,"70,000","2,354,000"
1991,KANSAS,"35,000","1,092,000"
1991,KENTUCKY,"7,000","168,000"
1991,LOUISIANA,"40,000","1,484,000"
1991,MAINE,"13,000","377,000"
1991,MARYLAND,"7,000","196,000"
1991,MICHIGAN,"105,000","4,369,000"
1991,MINNESOTA,"180,000","8,845,000"
1991,MISSISSIPPI,"28,000","524,000"
1991,MISSOURI,"28,000","1,128,000"
1991,MONTANA,"86,000","4,510,000"
1991,NEBRASKA,"108,000","3,835,000"
1991,NEVADA,"15,000","632,000"
1991,NEW JERSEY,"11,000","314,000"
1991,NEW MEXICO,"20,000","862,000"
1991,NEW YORK,"77,000","2,960,000"
1991,NORTH CAROLINA,"18,000","689,000"
1991,NORTH DAKOTA,"215,000","11,958,000"
1991,OHIO,"48,000","1,845,000"
1991,OKLAHOMA,"9,000","536,000"
1991,OREGON,"56,000","1,443,000"
1991,OTHER STATES,"12,000","297,000"
1991,PENNSYLVANIA,"40,000","1,260,000"
1991,SOUTH CAROLINA,"11,000","517,000"
1991,SOUTH DAKOTA,"225,000","12,272,000"
1991,TENNESSEE,"14,000","367,000"
1991,TEXAS,"140,000","5,897,000"
1991,UTAH,"45,000","842,000"
1991,VERMONT,"6,000","360,000"
1991,VIRGINIA,"16,000","380,000"
1991,WASHINGTON,"85,000","2,035,000"
1991,WEST VIRGINIA,"26,000","543,000"
1991,WISCONSIN,"110,000","4,127,000"
1991,WYOMING,"41,000","1,173,000"
1990,ALABAMA,"29,000","606,000"
1990,ARIZONA,"67,000","1,576,000"
1990,ARKANSAS,"42,000","1,729,000"
1990,CALIFORNIA,"480,000","10,886,000"
1990,COLORADO,"55,000","2,323,000"
1990,CONNECTICUT,"2,000","135,000"
1990,DELAWARE,"1,000","14,000"
1990,FLORIDA,"220,000","10,032,000"
1990,GEORGIA,"111,000","3,275,000"
1990,HAWAII,"10,000","738,000"
1990,IDAHO,"140,000","2,688,000"
1990,ILLINOIS,"23,000","672,000"
1990,INDIANA,"22,000","755,000"
1990,IOWA,"70,000","2,003,000"
1990,KANSAS,"36,000","1,447,000"
1990,KENTUCKY,"8,000","324,000"
1990,LOUISIANA,"38,000","1,792,000"
1990,MAINE,"20,000","307,000"
1990,MARYLAND,"7,000","120,000"
1990,MASSACHUSETTS,"15,000","252,000"
1990,MICHIGAN,"100,000","4,480,000"
1990,MINNESOTA,"170,000","6,164,000"
1990,MISSISSIPPI,"24,000","744,000"
1990,MISSOURI,"30,000","1,077,000"
1990,MONTANA,"98,000","4,287,000"
1990,NEBRASKA,"118,000","3,238,000"
1990,NEVADA,"17,000","710,000"
1990,NEW HAMPSHIRE,"1,000","46,000"
1990,NEW JERSEY,"15,000","284,000"
1990,NEW MEXICO,"29,000","1,091,000"
1990,NEW YORK,"81,000","2,843,000"
1990,NORTH CAROLINA,"20,000","710,000"
1990,NORTH DAKOTA,"220,000","9,381,000"
1990,OHIO,"42,000","1,692,000"
1990,OKLAHOMA,"9,000","351,000"
1990,OREGON,"61,000","1,383,000"
1990,PENNSYLVANIA,"41,000","769,000"
1990,RHODE ISLAND,"1,000","32,000"
1990,SOUTH CAROLINA,"12,000","339,000"
1990,SOUTH DAKOTA,"245,000","9,923,000"
1990,TENNESSEE,"19,000","621,000"
1990,TEXAS,"140,000","5,534,000"
1990,UTAH,"47,000","974,000"
1990,VERMONT,"6,000","335,000"
1990,VIRGINIA,"16,000","517,000"
1990,WASHINGTON,"80,000","2,200,000"
1990,WEST VIRGINIA,"30,000","801,000"
1990,WISCONSIN,"112,000","4,788,000"
1990,WYOMING,"40,000","1,186,000"
1989,ALABAMA,"41,000","443,000"
1989,ARIZONA,"78,000","1,931,000"
1989,ARKANSAS,"34,000","975,000"
1989,CALIFORNIA,"620,000","10,329,000"
1989,COLORADO,"50,000","1,782,000"
1989,CONNECTICUT,"2,000","84,000"
1989,DELAWARE,"1,000","10,000"
1989,FLORIDA,"250,000","7,200,000"
1989,GEORGIA,"116,000","1,754,000"
1989,HAWAII,"9,000","547,000"
1989,IDAHO,"140,000","3,478,000"
1989,ILLINOIS,"29,000","860,000"
1989,INDIANA,"28,000","706,000"
1989,IOWA,"67,000","2,714,000"
1989,KANSAS,"37,000","817,000"
1989,KENTUCKY,"12,000","376,000"
1989,LOUISIANA,"35,000","1,398,000"
1989,MAINE,"17,000","314,000"
1989,MARYLAND,"9,000","111,000"
1989,MASSACHUSETTS,"8,000","256,000"
1989,MICHIGAN,"102,000","3,998,000"
1989,MINNESOTA,"165,000","6,831,000"
1989,MISSISSIPPI,"24,000","348,000"
1989,MISSOURI,"33,000","1,146,000"
1989,MONTANA,"100,000","2,961,000"
1989,NEBRASKA,"119,000","3,394,000"
1989,NEVADA,"15,000","405,000"
1989,NEW HAMPSHIRE,"1,000","50,000"
1989,NEW JERSEY,"25,000","397,000"
1989,NEW MEXICO,"23,000","621,000"
1989,NEW YORK,"94,000","3,050,000"
1989,NORTH CAROLINA,"25,000","608,000"
1989,NORTH DAKOTA,"310,000","8,159,000"
1989,OHIO,"53,000","710,000"
1989,OKLAHOMA,"9,000","509,000"
1989,OREGON,"63,000","1,278,000"
1989,PENNSYLVANIA,"41,000","991,000"
1989,RHODE ISLAND,"1,000","54,000"
1989,SOUTH CAROLINA,"15,000","191,000"
1989,SOUTH DAKOTA,"235,000","5,297,000"
1989,TENNESSEE,"25,000","463,000"
1989,TEXAS,"140,000","3,842,000"
1989,UTAH,"47,000","1,117,000"
1989,VERMONT,"6,000","271,000"
1989,VIRGINIA,"23,000","248,000"
1989,WASHINGTON,"70,000","1,449,000"
1989,WEST VIRGINIA,"32,000","1,084,000"
1989,WISCONSIN,"108,000","4,555,000"
1989,WYOMING,"41,000","944,000"
1988,ALABAMA,"42,000","1,076,000"
1988,ARIZONA,"80,000","1,921,000"
1988,ARKANSAS,"34,000","1,025,000"
1988,CALIFORNIA,"600,000","11,760,000"
1988,COLORADO,"48,000","2,191,000"
1988,CONNECTICUT,"2,000","91,000"
1988,DELAWARE,"1,000","19,000"
1988,FLORIDA,"240,000","12,852,000"
1988,GEORGIA,"115,000","2,546,000"
1988,HAWAII,"9,000","693,000"
1988,IDAHO,"127,000","2,894,000"
1988,ILLINOIS,"28,000","1,468,000"
1988,INDIANA,"29,000","1,301,000"
1988,IOWA,"49,000","2,971,000"
1988,KANSAS,"42,000","1,333,000"
1988,KENTUCKY,"12,000","509,000"
1988,LOUISIANA,"38,000","1,607,000"
1988,MAINE,"14,000","262,000"
1988,MARYLAND,"7,000","135,000"
1988,MASSACHUSETTS,"15,000","262,000"
1988,MICHIGAN,"95,000","3,676,000"
1988,MINNESOTA,"160,000","8,875,000"
1988,MISSISSIPPI,"21,000","679,000"
1988,MISSOURI,"30,000","1,464,000"
1988,MONTANA,"105,000","2,369,000"
1988,NEBRASKA,"113,000","4,882,000"
1988,NEVADA,"9,000","127,000"
1988,NEW HAMPSHIRE,"1,000","33,000"
1988,NEW JERSEY,"30,000","781,000"
1988,NEW MEXICO,"21,000","682,000"
1988,NEW YORK,"94,000","3,882,000"
1988,NORTH CAROLINA,"21,000","705,000"
1988,NORTH DAKOTA,"250,000","7,095,000"
1988,OHIO,"50,000","1,560,000"
1988,OKLAHOMA,"10,000","402,000"
1988,OREGON,"60,000","1,560,000"
1988,PENNSYLVANIA,"45,000","1,387,000"
1988,RHODE ISLAND,"1,000","46,000"
1988,SOUTH CAROLINA,"14,000","342,000"
1988,SOUTH DAKOTA,"245,000","8,340,000"
1988,TENNESSEE,"35,000","1,050,000"
1988,TEXAS,"124,000","4,335,000"
1988,UTAH,"36,000","900,000"
1988,VERMONT,"7,000","303,000"
1988,VIRGINIA,"25,000","560,000"
1988,WASHINGTON,"65,000","1,405,000"
1988,WEST VIRGINIA,"30,000","788,000"
1988,WISCONSIN,"102,000","5,453,000"
1988,WYOMING,"39,000","1,440,000"
1987,ALABAMA,"46,000","853,000"
1987,ARIZONA,"80,000","1,955,000"
1987,ARKANSAS,"29,000","880,000"
1987,CALIFORNIA,"540,000","8,732,000"
1987,COLORADO,"44,000","2,184,000"
1987,CONNECTICUT,"2,000","80,000"
1987,DELAWARE,"1,000","27,000"
1987,FLORIDA,"240,000","9,290,000"
1987,GEORGIA,"120,000","2,462,000"
1987,HAWAII,"9,000","752,000"
1987,IDAHO,"120,000","3,888,000"
1987,ILLINOIS,"28,000","1,722,000"
1987,INDIANA,"25,000","841,000"
1987,IOWA,"44,000","2,447,000"
1987,KANSAS,"46,000","1,361,000"
1987,KENTUCKY,"14,000","336,000"
1987,LOUISIANA,"35,000","1,234,000"
1987,MAINE,"9,000","282,000"
1987,MARYLAND,"7,000","152,000"
1987,MASSACHUSETTS,"11,000","101,000"
1987,MICHIGAN,"93,000","3,352,000"
1987,MINNESOTA,"160,000","7,949,000"
1987,MISSISSIPPI,"19,000","479,000"
1987,MISSOURI,"30,000","936,000"
1987,MONTANA,"95,000","4,264,000"
1987,NEBRASKA,"110,000","4,356,000"
1987,NEVADA,"11,000","261,000"
1987,NEW HAMPSHIRE,"1,000","30,000"
1987,NEW JERSEY,"25,000","434,000"
1987,NEW MEXICO,"19,000","561,000"
1987,NEW YORK,"90,000","2,614,000"
1987,NORTH CAROLINA,"20,000","768,000"
1987,NORTH DAKOTA,"300,000","14,850,000"
1987,OHIO,"55,000","1,843,000"
1987,OKLAHOMA,"10,000","469,000"
1987,OREGON,"55,000","1,201,000"
1987,PENNSYLVANIA,"48,000","1,273,000"
1987,RHODE ISLAND,"1,000","44,000"
1987,SOUTH CAROLINA,"15,000","326,000"
1987,SOUTH DAKOTA,"260,000","16,026,000"
1987,TENNESSEE,"35,000","1,733,000"
1987,TEXAS,"120,000","4,440,000"
1987,UTAH,"35,000","907,000"
1987,VERMONT,"7,000","290,000"
1987,VIRGINIA,"25,000","576,000"
1987,WASHINGTON,"75,000","1,815,000"
1987,WEST VIRGINIA,"21,000","706,000"
1987,WISCONSIN,"92,000","4,284,000"
1987,WYOMING,"39,000","1,530,000"
